spec_id,spec_name,target_isic4,is_placebo,target_unit,donor_unit,donor_isic4,weight,donor_dIP_base_mid,donor_dIP_base_end,donor_dIP_screen,donor_input_exposure,donor_avg_n_pre,treat_year
2,conservative_T2016_nested_full,1040,1,4,1010,1010,.028999999,-.0002579136853456,-.0002424035728836,-.0002424035728836,0,31,2016
2,conservative_T2016_nested_full,1702,1,39,1010,1010,.25999999,-.0002579136853456,-.0002424035728836,-.0002424035728836,0,31,2016
1,preferred_T2015_nested_full,2396,1,64,1010,1010,.083999999,-.0002579136853456,-.0002424035728836,-.0002424035728836,0,31,2015
1,preferred_T2015_nested_full,2393,1,61,1010,1010,.103,-.0002579136853456,-.0002424035728836,-.0002424035728836,0,31,2015
1,preferred_T2015_nested_full,1050,1,5,1010,1010,.050999999,-.0002579136853456,-.0002424035728836,-.0002424035728836,0,31,2015
2,conservative_T2016_nested_full,2920,1,109,1010,1010,.015,-.0002579136853456,-.0002424035728836,-.0002424035728836,0,31,2016
1,preferred_T2015_nested_full,1399,1,26,1010,1010,.001,-.0002579136853456,-.0002424035728836,-.0002424035728836,0,31,2015
2,conservative_T2016_nested_full,2396,1,64,1010,1010,.096000001,-.0002579136853456,-.0002424035728836,-.0002424035728836,0,31,2016
1,preferred_T2015_nested_full,2920,1,109,1010,1010,.035,-.0002579136853456,-.0002424035728836,-.0002424035728836,0,31,2015
1,preferred_T2015_nested_full,2591,1,74,1040,1040,.030999999,.0000553906356799,.0002228672201454,.0002228672201454,0,34.6,2015
2,conservative_T2016_nested_full,1010,1,1,1040,1040,.105,.0000553906356799,.0002228672201454,.0002228672201454,0,34.6,2016
2,conservative_T2016_nested_full,2021,1,49,1040,1040,.38800001,.0000553906356799,.0002228672201454,.0002228672201454,0,34.6,2016
1,preferred_T2015_nested_full,1311,1,19,1040,1040,.74699998,.0000553906356799,.0002228672201454,.0002228672201454,0,34.6,2015
1,preferred_T2015_nested_full,1079,1,12,1040,1040,.48500001,.0000553906356799,.0002228672201454,.0002228672201454,0,34.6,2015
1,preferred_T2015_nested_full,2920,1,109,1040,1040,.0080000004,.0000553906356799,.0002228672201454,.0002228672201454,0,34.6,2015
2,conservative_T2016_nested_full,1702,1,39,1040,1040,.37400001,.0000553906356799,.0002228672201454,.0002228672201454,0,34.6,2016
2,conservative_T2016_nested_full,1050,1,5,1040,1040,.064000003,.0000553906356799,.0002228672201454,.0002228672201454,0,34.6,2016
1,preferred_T2015_nested_full,1511,1,30,1040,1040,.54299998,.0000553906356799,.0002228672201454,.0002228672201454,0,34.6,2015
1,preferred_T2015_nested_full,1702,1,39,1040,1040,.345,.0000553906356799,.0002228672201454,.0002228672201454,0,34.6,2015
2,conservative_T2016_nested_full,1393,1,24,1040,1040,.18000001,.0000553906356799,.0002228672201454,.0002228672201454,0,34.6,2016
2,conservative_T2016_nested_full,1511,1,30,1040,1040,.65899998,.0000553906356799,.0002228672201454,.0002228672201454,0,34.6,2016
1,preferred_T2015_nested_full,2013,1,48,1040,1040,.292,.0000553906356799,.0002228672201454,.0002228672201454,0,34.6,2015
2,conservative_T2016_nested_full,2013,1,48,1040,1040,.248,.0000553906356799,.0002228672201454,.0002228672201454,0,34.6,2016
1,preferred_T2015_nested_full,1399,1,26,1040,1040,.0020000001,.0000553906356799,.0002228672201454,.0002228672201454,0,34.6,2015
2,conservative_T2016_nested_full,1079,1,12,1040,1040,.377,.0000553906356799,.0002228672201454,.0002228672201454,0,34.6,2016
1,preferred_T2015_nested_full,1313,1,21,1040,1040,.071000002,.0000553906356799,.0002228672201454,.0002228672201454,0,34.6,2015
2,conservative_T2016_nested_full,2395,1,63,1040,1040,.003,.0000553906356799,.0002228672201454,.0002228672201454,0,34.6,2016
2,conservative_T2016_nested_full,2920,1,109,1040,1040,.0099999998,.0000553906356799,.0002228672201454,.0002228672201454,0,34.6,2016
1,preferred_T2015_nested_full,1010,1,1,1040,1040,.111,.0000553906356799,.0002228672201454,.0002228672201454,0,34.6,2015
2,conservative_T2016_nested_full,1311,1,19,1040,1040,.82999998,.0000553906356799,.0002228672201454,.0002228672201454,0,34.6,2016
1,preferred_T2015_nested_full,2396,1,64,1040,1040,.024,.0000553906356799,.0002228672201454,.0002228672201454,0,34.6,2015
1,preferred_T2015_nested_full,2599,1,77,1050,1050,.121,.0000481844326714,-.0000273415730589,-.0000273415730589,0,52.4,2015
1,preferred_T2015_nested_full,1073,1,10,1050,1050,.061000001,.0000481844326714,-.0000273415730589,-.0000273415730589,0,52.4,2015
2,conservative_T2016_nested_full,2395,1,63,1050,1050,.56199998,.0000481844326714,-.0000273415730589,-.0000273415730589,0,52.4,2016
1,preferred_T2015_nested_full,2310,1,58,1050,1050,.111,.0000481844326714,-.0000273415730589,-.0000273415730589,0,52.4,2015
2,conservative_T2016_nested_full,1010,1,1,1050,1050,.001,.0000481844326714,-.0000273415730589,-.0000273415730589,0,52.4,2016
1,preferred_T2015_nested_full,2920,1,109,1050,1050,.02,.0000481844326714,-.0000273415730589,-.0000273415730589,0,52.4,2015
2,conservative_T2016_nested_full,1391,1,22,1050,1050,.024,.0000481844326714,-.0000273415730589,-.0000273415730589,0,52.4,2016
1,preferred_T2015_nested_full,2592,1,75,1050,1050,.428,.0000481844326714,-.0000273415730589,-.0000273415730589,0,52.4,2015
1,preferred_T2015_nested_full,2395,1,63,1050,1050,.48899999,.0000481844326714,-.0000273415730589,-.0000273415730589,0,52.4,2015
2,conservative_T2016_nested_full,2920,1,109,1050,1050,.013,.0000481844326714,-.0000273415730589,-.0000273415730589,0,52.4,2016
1,preferred_T2015_nested_full,2396,1,64,1050,1050,.001,.0000481844326714,-.0000273415730589,-.0000273415730589,0,52.4,2015
2,conservative_T2016_nested_full,1399,1,26,1050,1050,.105,.0000481844326714,-.0000273415730589,-.0000273415730589,0,52.4,2016
2,conservative_T2016_nested_full,2599,1,77,1050,1050,.063000001,.0000481844326714,-.0000273415730589,-.0000273415730589,0,52.4,2016
1,preferred_T2015_nested_full,1702,1,39,1050,1050,.050999999,.0000481844326714,-.0000273415730589,-.0000273415730589,0,52.4,2015
1,preferred_T2015_nested_full,1010,1,1,1071,1071,.182,.0001527431013528,.0001609024475329,.0001609024475329,0,61.2,2015
1,preferred_T2015_nested_full,2599,1,77,1071,1071,.041999999,.0001527431013528,.0001609024475329,.0001609024475329,0,61.2,2015
2,conservative_T2016_nested_full,2395,1,63,1071,1071,.0040000002,.0001527431013528,.0001609024475329,.0001609024475329,0,61.2,2016
2,conservative_T2016_nested_full,2920,1,109,1071,1071,.015,.0001527431013528,.0001609024475329,.0001609024475329,0,61.2,2016
2,conservative_T2016_nested_full,1702,1,39,1071,1071,.366,.0001527431013528,.0001609024475329,.0001609024475329,0,61.2,2016
2,conservative_T2016_nested_full,1520,1,32,1071,1071,.078000002,.0001527431013528,.0001609024475329,.0001609024475329,0,61.2,2016
1,preferred_T2015_nested_full,2310,1,58,1071,1071,.259,.0001527431013528,.0001609024475329,.0001609024475329,0,61.2,2015
1,preferred_T2015_nested_full,1702,1,39,1071,1071,.412,.0001527431013528,.0001609024475329,.0001609024475329,0,61.2,2015
1,preferred_T2015_nested_full,2920,1,109,1071,1071,.017999999,.0001527431013528,.0001609024475329,.0001609024475329,0,61.2,2015
1,preferred_T2015_nested_full,2396,1,64,1071,1071,.0040000002,.0001527431013528,.0001609024475329,.0001609024475329,0,61.2,2015
2,conservative_T2016_nested_full,2310,1,58,1071,1071,.72600001,.0001527431013528,.0001609024475329,.0001609024475329,0,61.2,2016
1,preferred_T2015_nested_full,1079,1,12,1071,1071,.079999998,.0001527431013528,.0001609024475329,.0001609024475329,0,61.2,2015
1,preferred_T2015_nested_full,1512,1,31,1071,1071,.171,.0001527431013528,.0001609024475329,.0001609024475329,0,61.2,2015
1,preferred_T2015_nested_full,1430,1,29,1071,1071,.33899999,.0001527431013528,.0001609024475329,.0001609024475329,0,61.2,2015
2,conservative_T2016_nested_full,1430,1,29,1071,1071,.377,.0001527431013528,.0001609024475329,.0001609024475329,0,61.2,2016
2,conservative_T2016_nested_full,2599,1,77,1071,1071,.033,.0001527431013528,.0001609024475329,.0001609024475329,0,61.2,2016
2,conservative_T2016_nested_full,1010,1,1,1071,1071,.011,.0001527431013528,.0001609024475329,.0001609024475329,0,61.2,2016
2,conservative_T2016_nested_full,2593,1,76,1073,1073,.064000003,-.0005295410810504,.0016292324580718,.0016292324580718,0,36.6,2016
2,conservative_T2016_nested_full,2396,1,64,1073,1073,.20299999,-.0005295410810504,.0016292324580718,.0016292324580718,0,36.6,2016
1,preferred_T2015_nested_full,2920,1,109,1073,1073,.0080000004,-.0005295410810504,.0016292324580718,.0016292324580718,0,36.6,2015
1,preferred_T2015_nested_full,2396,1,64,1073,1073,.12899999,-.0005295410810504,.0016292324580718,.0016292324580718,0,36.6,2015
2,conservative_T2016_nested_full,2310,1,58,1073,1073,.035,-.0005295410810504,.0016292324580718,.0016292324580718,0,36.6,2016
2,conservative_T2016_nested_full,2393,1,61,1073,1073,.382,-.0005295410810504,.0016292324580718,.0016292324580718,0,36.6,2016
2,conservative_T2016_nested_full,2920,1,109,1073,1073,.017999999,-.0005295410810504,.0016292324580718,.0016292324580718,0,36.6,2016
2,conservative_T2016_nested_full,1010,1,1,1073,1073,.0020000001,-.0005295410810504,.0016292324580718,.0016292324580718,0,36.6,2016
2,conservative_T2016_nested_full,1512,1,31,1073,1073,.463,-.0005295410810504,.0016292324580718,.0016292324580718,0,36.6,2016
1,preferred_T2015_nested_full,2593,1,76,1073,1073,.148,-.0005295410810504,.0016292324580718,.0016292324580718,0,36.6,2015
1,preferred_T2015_nested_full,2021,1,49,1073,1073,.69400001,-.0005295410810504,.0016292324580718,.0016292324580718,0,36.6,2015
1,preferred_T2015_nested_full,2393,1,61,1073,1073,.296,-.0005295410810504,.0016292324580718,.0016292324580718,0,36.6,2015
1,preferred_T2015_nested_full,2396,1,64,1079,1079,.0040000002,.0012216214090586,.0012216214090586,.0012216214090586,0,98.2,2015
2,conservative_T2016_nested_full,1010,1,1,1079,1079,.0040000002,.0012216214090586,.0012216214090586,.0012216214090586,0,98.2,2016
1,preferred_T2015_nested_full,2920,1,109,1079,1079,.0080000004,.0012216214090586,.0012216214090586,.0012216214090586,0,98.2,2015
2,conservative_T2016_nested_full,1430,1,29,1079,1079,.116,.0012216214090586,.0012216214090586,.0012216214090586,0,98.2,2016
1,preferred_T2015_nested_full,1399,1,26,1079,1079,.001,.0012216214090586,.0012216214090586,.0012216214090586,0,98.2,2015
2,conservative_T2016_nested_full,2920,1,109,1079,1079,.013,.0012216214090586,.0012216214090586,.0012216214090586,0,98.2,2016
2,conservative_T2016_nested_full,2395,1,63,1311,1311,.001,-.0131678245961666,-.01861965470016,-.01861965470016,0,138.8,2016
2,conservative_T2016_nested_full,2930,1,110,1311,1311,.113,-.0131678245961666,-.01861965470016,-.01861965470016,0,138.8,2016
1,preferred_T2015_nested_full,1399,1,26,1311,1311,.0099999998,-.0131678245961666,-.01861965470016,-.01861965470016,0,138.8,2015
2,conservative_T2016_nested_full,1511,1,30,1311,1311,.233,-.0131678245961666,-.01861965470016,-.01861965470016,0,138.8,2016
2,conservative_T2016_nested_full,2392,1,60,1311,1311,.103,-.0131678245961666,-.01861965470016,-.01861965470016,0,138.8,2016
1,preferred_T2015_nested_full,2396,1,64,1311,1311,.001,-.0131678245961666,-.01861965470016,-.01861965470016,0,138.8,2015
1,preferred_T2015_nested_full,1520,1,32,1311,1311,.025,-.0131678245961666,-.01861965470016,-.01861965470016,0,138.8,2015
2,conservative_T2016_nested_full,1313,1,21,1311,1311,.154,-.0131678245961666,-.01861965470016,-.01861965470016,0,138.8,2016
2,conservative_T2016_nested_full,2920,1,109,1311,1311,.0040000002,-.0131678245961666,-.01861965470016,-.01861965470016,0,138.8,2016
1,preferred_T2015_nested_full,1393,1,24,1311,1311,.65200001,-.0131678245961666,-.01861965470016,-.01861965470016,0,138.8,2015
2,conservative_T2016_nested_full,2013,1,48,1311,1311,.028000001,-.0131678245961666,-.01861965470016,-.01861965470016,0,138.8,2016
2,conservative_T2016_nested_full,1010,1,1,1311,1311,.001,-.0131678245961666,-.01861965470016,-.01861965470016,0,138.8,2016
1,preferred_T2015_nested_full,2591,1,74,1311,1311,.039999999,-.0131678245961666,-.01861965470016,-.01861965470016,0,138.8,2015
1,preferred_T2015_nested_full,1313,1,21,1311,1311,.016000001,-.0131678245961666,-.01861965470016,-.01861965470016,0,138.8,2015
2,conservative_T2016_nested_full,1079,1,12,1311,1311,.057,-.0131678245961666,-.01861965470016,-.01861965470016,0,138.8,2016
1,preferred_T2015_nested_full,2920,1,109,1311,1311,.003,-.0131678245961666,-.01861965470016,-.01861965470016,0,138.8,2015
2,conservative_T2016_nested_full,1709,1,40,1311,1311,.12899999,-.0131678245961666,-.01861965470016,-.01861965470016,0,138.8,2016
1,preferred_T2015_nested_full,1079,1,12,1311,1311,.077,-.0131678245961666,-.01861965470016,-.01861965470016,0,138.8,2015
1,preferred_T2015_nested_full,1709,1,40,1311,1311,.115,-.0131678245961666,-.01861965470016,-.01861965470016,0,138.8,2015
1,preferred_T2015_nested_full,2392,1,60,1311,1311,.27000001,-.0131678245961666,-.01861965470016,-.01861965470016,0,138.8,2015
2,conservative_T2016_nested_full,1393,1,24,1311,1311,.5,-.0131678245961666,-.01861965470016,-.01861965470016,0,138.8,2016
2,conservative_T2016_nested_full,2591,1,74,1311,1311,.116,-.0131678245961666,-.01861965470016,-.01861965470016,0,138.8,2016
1,preferred_T2015_nested_full,1312,1,20,1311,1311,.16,-.0131678245961666,-.01861965470016,-.01861965470016,0,138.8,2015
1,preferred_T2015_nested_full,1040,1,4,1311,1311,.39399999,-.0131678245961666,-.01861965470016,-.01861965470016,0,138.8,2015
1,preferred_T2015_nested_full,1511,1,30,1311,1311,.30399999,-.0131678245961666,-.01861965470016,-.01861965470016,0,138.8,2015
2,conservative_T2016_nested_full,1312,1,20,1311,1311,.16599999,-.0131678245961666,-.01861965470016,-.01861965470016,0,138.8,2016
1,preferred_T2015_nested_full,2930,1,110,1311,1311,.039999999,-.0131678245961666,-.01861965470016,-.01861965470016,0,138.8,2015
2,conservative_T2016_nested_full,1040,1,4,1311,1311,.303,-.0131678245961666,-.01861965470016,-.01861965470016,0,138.8,2016
1,preferred_T2015_nested_full,2396,1,64,1312,1312,.001,-.0192964114248753,-.0215773209929466,-.0215773209929466,0,212.2,2015
2,conservative_T2016_nested_full,2013,1,48,1312,1312,.041000001,-.0192964114248753,-.0215773209929466,-.0215773209929466,0,212.2,2016
2,conservative_T2016_nested_full,1410,1,27,1312,1312,.248,-.0192964114248753,-.0215773209929466,-.0215773209929466,0,212.2,2016
1,preferred_T2015_nested_full,2920,1,109,1312,1312,.0040000002,-.0192964114248753,-.0215773209929466,-.0215773209929466,0,212.2,2015
1,preferred_T2015_nested_full,2395,1,63,1312,1312,.148,-.0192964114248753,-.0215773209929466,-.0215773209929466,0,212.2,2015
2,conservative_T2016_nested_full,2920,1,109,1312,1312,.02,-.0192964114248753,-.0215773209929466,-.0215773209929466,0,212.2,2016
1,preferred_T2015_nested_full,2599,1,77,1312,1312,.50199997,-.0192964114248753,-.0215773209929466,-.0215773209929466,0,212.2,2015
2,conservative_T2016_nested_full,2599,1,77,1312,1312,.50400001,-.0192964114248753,-.0215773209929466,-.0215773209929466,0,212.2,2016
1,preferred_T2015_nested_full,1313,1,21,1312,1312,.51300001,-.0192964114248753,-.0215773209929466,-.0215773209929466,0,212.2,2015
1,preferred_T2015_nested_full,1399,1,26,1312,1312,.001,-.0192964114248753,-.0215773209929466,-.0215773209929466,0,212.2,2015
2,conservative_T2016_nested_full,1010,1,1,1312,1312,.001,-.0192964114248753,-.0215773209929466,-.0215773209929466,0,212.2,2016
2,conservative_T2016_nested_full,2592,1,75,1313,1313,.117,0,0,0,0,39.6,2016
2,conservative_T2016_nested_full,2920,1,109,1313,1313,.021,0,0,0,0,39.6,2016
1,preferred_T2015_nested_full,1399,1,26,1313,1313,.001,0,0,0,0,39.6,2015
2,conservative_T2016_nested_full,1010,1,1,1313,1313,.001,0,0,0,0,39.6,2016
1,preferred_T2015_nested_full,1079,1,12,1313,1313,.001,0,0,0,0,39.6,2015
1,preferred_T2015_nested_full,2920,1,109,1313,1313,.0080000004,0,0,0,0,39.6,2015
1,preferred_T2015_nested_full,2396,1,64,1313,1313,.0020000001,0,0,0,0,39.6,2015
1,preferred_T2015_nested_full,2013,1,48,1391,1391,.588,-.0120924562215805,-.0066812038421631,-.0066812038421631,0,39.6,2015
1,preferred_T2015_nested_full,2920,1,109,1391,1391,.016000001,-.0120924562215805,-.0066812038421631,-.0066812038421631,0,39.6,2015
1,preferred_T2015_nested_full,2396,1,64,1391,1391,.001,-.0120924562215805,-.0066812038421631,-.0066812038421631,0,39.6,2015
2,conservative_T2016_nested_full,2920,1,109,1391,1391,.039000001,-.0120924562215805,-.0066812038421631,-.0066812038421631,0,39.6,2016
2,conservative_T2016_nested_full,1010,1,1,1391,1391,.001,-.0120924562215805,-.0066812038421631,-.0066812038421631,0,39.6,2016
2,conservative_T2016_nested_full,1511,1,30,1391,1391,.052000001,-.0120924562215805,-.0066812038421631,-.0066812038421631,0,39.6,2016
1,preferred_T2015_nested_full,1313,1,21,1391,1391,.026000001,-.0120924562215805,-.0066812038421631,-.0066812038421631,0,39.6,2015
2,conservative_T2016_nested_full,1399,1,26,1391,1391,.081,-.0120924562215805,-.0066812038421631,-.0066812038421631,0,39.6,2016
2,conservative_T2016_nested_full,1050,1,5,1391,1391,.296,-.0120924562215805,-.0066812038421631,-.0066812038421631,0,39.6,2016
2,conservative_T2016_nested_full,2013,1,48,1391,1391,.63300002,-.0120924562215805,-.0066812038421631,-.0066812038421631,0,39.6,2016
1,preferred_T2015_nested_full,2393,1,61,1391,1391,.28299999,-.0120924562215805,-.0066812038421631,-.0066812038421631,0,39.6,2015
2,conservative_T2016_nested_full,1313,1,21,1391,1391,.096000001,-.0120924562215805,-.0066812038421631,-.0066812038421631,0,39.6,2016
1,preferred_T2015_nested_full,1399,1,26,1391,1391,.094999999,-.0120924562215805,-.0066812038421631,-.0066812038421631,0,39.6,2015
1,preferred_T2015_nested_full,1312,1,20,1391,1391,.052000001,-.0120924562215805,-.0066812038421631,-.0066812038421631,0,39.6,2015
2,conservative_T2016_nested_full,1312,1,20,1391,1391,.044,-.0120924562215805,-.0066812038421631,-.0066812038421631,0,39.6,2016
2,conservative_T2016_nested_full,1311,1,19,1393,1393,.13500001,-.0119767095893621,-.0200707232579589,-.0200707232579589,0,35,2016
1,preferred_T2015_nested_full,2920,1,109,1393,1393,.0049999999,-.0119767095893621,-.0200707232579589,-.0200707232579589,0,35,2015
2,conservative_T2016_nested_full,2920,1,109,1393,1393,.0070000002,-.0119767095893621,-.0200707232579589,-.0200707232579589,0,35,2016
1,preferred_T2015_nested_full,2396,1,64,1393,1393,.001,-.0119767095893621,-.0200707232579589,-.0200707232579589,0,35,2015
2,conservative_T2016_nested_full,1399,1,26,1393,1393,.186,-.0119767095893621,-.0200707232579589,-.0200707232579589,0,35,2016
2,conservative_T2016_nested_full,2393,1,61,1393,1393,.118,-.0119767095893621,-.0200707232579589,-.0200707232579589,0,35,2016
1,preferred_T2015_nested_full,1399,1,26,1393,1393,.074000001,-.0119767095893621,-.0200707232579589,-.0200707232579589,0,35,2015
2,conservative_T2016_nested_full,2392,1,60,1393,1393,.55199999,-.0119767095893621,-.0200707232579589,-.0200707232579589,0,35,2016
2,conservative_T2016_nested_full,1010,1,1,1393,1393,.001,-.0119767095893621,-.0200707232579589,-.0200707232579589,0,35,2016
1,preferred_T2015_nested_full,2392,1,60,1393,1393,.354,-.0119767095893621,-.0200707232579589,-.0200707232579589,0,35,2015
1,preferred_T2015_nested_full,1311,1,19,1393,1393,.154,-.0119767095893621,-.0200707232579589,-.0200707232579589,0,35,2015
2,conservative_T2016_nested_full,1079,1,12,1399,1399,.001,.004037369042635,.0006533749401569,.0006533749401569,0,123.4,2016
2,conservative_T2016_nested_full,1010,1,1,1399,1399,.001,.004037369042635,.0006533749401569,.0006533749401569,0,123.4,2016
1,preferred_T2015_nested_full,2920,1,109,1399,1399,.0070000002,.004037369042635,.0006533749401569,.0006533749401569,0,123.4,2015
1,preferred_T2015_nested_full,2396,1,64,1399,1399,.0020000001,.004037369042635,.0006533749401569,.0006533749401569,0,123.4,2015
2,conservative_T2016_nested_full,2920,1,109,1399,1399,.016000001,.004037369042635,.0006533749401569,.0006533749401569,0,123.4,2016
1,preferred_T2015_nested_full,2396,1,64,1410,1410,.0020000001,-.0078714583069086,-.0155464699491858,-.0155464699491858,0,251.2,2015
2,conservative_T2016_nested_full,2920,1,109,1410,1410,.052000001,-.0078714583069086,-.0155464699491858,-.0155464699491858,0,251.2,2016
2,conservative_T2016_nested_full,1010,1,1,1410,1410,.0040000002,-.0078714583069086,-.0155464699491858,-.0155464699491858,0,251.2,2016
2,conservative_T2016_nested_full,1079,1,12,1410,1410,.221,-.0078714583069086,-.0155464699491858,-.0155464699491858,0,251.2,2016
2,conservative_T2016_nested_full,1399,1,26,1410,1410,.32300001,-.0078714583069086,-.0155464699491858,-.0155464699491858,0,251.2,2016
2,conservative_T2016_nested_full,2930,1,110,1410,1410,.338,-.0078714583069086,-.0155464699491858,-.0155464699491858,0,251.2,2016
1,preferred_T2015_nested_full,1399,1,26,1410,1410,.36399999,-.0078714583069086,-.0155464699491858,-.0155464699491858,0,251.2,2015
1,preferred_T2015_nested_full,1079,1,12,1410,1410,.23800001,-.0078714583069086,-.0155464699491858,-.0155464699491858,0,251.2,2015
1,preferred_T2015_nested_full,2930,1,110,1410,1410,.072999999,-.0078714583069086,-.0155464699491858,-.0155464699491858,0,251.2,2015
1,preferred_T2015_nested_full,2920,1,109,1410,1410,.0040000002,-.0078714583069086,-.0155464699491858,-.0155464699491858,0,251.2,2015
2,conservative_T2016_nested_full,2396,1,64,1410,1410,.088,-.0078714583069086,-.0155464699491858,-.0155464699491858,0,251.2,2016
1,preferred_T2015_nested_full,2393,1,61,1410,1410,.021,-.0078714583069086,-.0155464699491858,-.0155464699491858,0,251.2,2015
2,conservative_T2016_nested_full,2432,1,69,1410,1410,.074000001,-.0078714583069086,-.0155464699491858,-.0155464699491858,0,251.2,2016
2,conservative_T2016_nested_full,1073,1,10,1410,1410,.039000001,-.0078714583069086,-.0155464699491858,-.0155464699491858,0,251.2,2016
2,conservative_T2016_nested_full,1010,1,1,1430,1430,.0020000001,-.001143217086792,-.001143217086792,-.001143217086792,0,84.40000000000001,2016
2,conservative_T2016_nested_full,2393,1,61,1430,1430,.082999997,-.001143217086792,-.001143217086792,-.001143217086792,0,84.40000000000001,2016
1,preferred_T2015_nested_full,2591,1,74,1430,1430,.26100001,-.001143217086792,-.001143217086792,-.001143217086792,0,84.40000000000001,2015
1,preferred_T2015_nested_full,2920,1,109,1430,1430,.013,-.001143217086792,-.001143217086792,-.001143217086792,0,84.40000000000001,2015
1,preferred_T2015_nested_full,1079,1,12,1430,1430,.052000001,-.001143217086792,-.001143217086792,-.001143217086792,0,84.40000000000001,2015
2,conservative_T2016_nested_full,2920,1,109,1430,1430,.043000001,-.001143217086792,-.001143217086792,-.001143217086792,0,84.40000000000001,2016
2,conservative_T2016_nested_full,1079,1,12,1430,1430,.0040000002,-.001143217086792,-.001143217086792,-.001143217086792,0,84.40000000000001,2016
2,conservative_T2016_nested_full,1410,1,27,1430,1430,.32800001,-.001143217086792,-.001143217086792,-.001143217086792,0,84.40000000000001,2016
1,preferred_T2015_nested_full,2393,1,61,1430,1430,.094999999,-.001143217086792,-.001143217086792,-.001143217086792,0,84.40000000000001,2015
2,conservative_T2016_nested_full,2592,1,75,1430,1430,.015,-.001143217086792,-.001143217086792,-.001143217086792,0,84.40000000000001,2016
2,conservative_T2016_nested_full,1511,1,30,1430,1430,.0020000001,-.001143217086792,-.001143217086792,-.001143217086792,0,84.40000000000001,2016
1,preferred_T2015_nested_full,1410,1,27,1430,1430,.331,-.001143217086792,-.001143217086792,-.001143217086792,0,84.40000000000001,2015
1,preferred_T2015_nested_full,1071,1,8,1430,1430,.35100001,-.001143217086792,-.001143217086792,-.001143217086792,0,84.40000000000001,2015
2,conservative_T2016_nested_full,2591,1,74,1430,1430,.30599999,-.001143217086792,-.001143217086792,-.001143217086792,0,84.40000000000001,2016
1,preferred_T2015_nested_full,2395,1,63,1430,1430,.14399999,-.001143217086792,-.001143217086792,-.001143217086792,0,84.40000000000001,2015
2,conservative_T2016_nested_full,2395,1,63,1430,1430,.171,-.001143217086792,-.001143217086792,-.001143217086792,0,84.40000000000001,2016
2,conservative_T2016_nested_full,1313,1,21,1430,1430,.054000001,-.001143217086792,-.001143217086792,-.001143217086792,0,84.40000000000001,2016
2,conservative_T2016_nested_full,1071,1,8,1430,1430,.27500001,-.001143217086792,-.001143217086792,-.001143217086792,0,84.40000000000001,2016
1,preferred_T2015_nested_full,2592,1,75,1430,1430,.228,-.001143217086792,-.001143217086792,-.001143217086792,0,84.40000000000001,2015
1,preferred_T2015_nested_full,2396,1,64,1430,1430,.0020000001,-.001143217086792,-.001143217086792,-.001143217086792,0,84.40000000000001,2015
2,conservative_T2016_nested_full,1430,1,29,1511,1511,.245,-.0085626877844334,-.008863584138453,-.008863584138453,0,20.4,2016
1,preferred_T2015_nested_full,1312,1,20,1511,1511,.013,-.0085626877844334,-.008863584138453,-.008863584138453,0,20.4,2015
2,conservative_T2016_nested_full,1520,1,32,1511,1511,.28799999,-.0085626877844334,-.008863584138453,-.008863584138453,0,20.4,2016
2,conservative_T2016_nested_full,1010,1,1,1511,1511,.162,-.0085626877844334,-.008863584138453,-.008863584138453,0,20.4,2016
2,conservative_T2016_nested_full,2395,1,63,1511,1511,.259,-.0085626877844334,-.008863584138453,-.008863584138453,0,20.4,2016
1,preferred_T2015_nested_full,1010,1,1,1511,1511,.156,-.0085626877844334,-.008863584138453,-.008863584138453,0,20.4,2015
1,preferred_T2015_nested_full,1079,1,12,1511,1511,.001,-.0085626877844334,-.008863584138453,-.008863584138453,0,20.4,2015
1,preferred_T2015_nested_full,2920,1,109,1511,1511,.324,-.0085626877844334,-.008863584138453,-.008863584138453,0,20.4,2015
1,preferred_T2015_nested_full,1391,1,22,1511,1511,.236,-.0085626877844334,-.008863584138453,-.008863584138453,0,20.4,2015
2,conservative_T2016_nested_full,1313,1,21,1511,1511,.48300001,-.0085626877844334,-.008863584138453,-.008863584138453,0,20.4,2016
2,conservative_T2016_nested_full,2591,1,74,1511,1511,.039000001,-.0085626877844334,-.008863584138453,-.008863584138453,0,20.4,2016
1,preferred_T2015_nested_full,1430,1,29,1511,1511,.074000001,-.0085626877844334,-.008863584138453,-.008863584138453,0,20.4,2015
2,conservative_T2016_nested_full,1311,1,19,1511,1511,.035,-.0085626877844334,-.008863584138453,-.008863584138453,0,20.4,2016
1,preferred_T2015_nested_full,1313,1,21,1511,1511,.13,-.0085626877844334,-.008863584138453,-.008863584138453,0,20.4,2015
1,preferred_T2015_nested_full,2393,1,61,1511,1511,.0089999996,-.0085626877844334,-.008863584138453,-.008863584138453,0,20.4,2015
1,preferred_T2015_nested_full,2930,1,110,1511,1511,.148,-.0085626877844334,-.008863584138453,-.008863584138453,0,20.4,2015
2,conservative_T2016_nested_full,1391,1,22,1511,1511,.15700001,-.0085626877844334,-.008863584138453,-.008863584138453,0,20.4,2016
1,preferred_T2015_nested_full,2432,1,69,1511,1511,.69400001,-.0085626877844334,-.008863584138453,-.008863584138453,0,20.4,2015
2,conservative_T2016_nested_full,1709,1,40,1511,1511,.013,-.0085626877844334,-.008863584138453,-.008863584138453,0,20.4,2016
1,preferred_T2015_nested_full,2591,1,74,1511,1511,.20299999,-.0085626877844334,-.008863584138453,-.008863584138453,0,20.4,2015
1,preferred_T2015_nested_full,1040,1,4,1511,1511,.60600001,-.0085626877844334,-.008863584138453,-.008863584138453,0,20.4,2015
1,preferred_T2015_nested_full,2396,1,64,1511,1511,.001,-.0085626877844334,-.008863584138453,-.008863584138453,0,20.4,2015
2,conservative_T2016_nested_full,2920,1,109,1511,1511,.303,-.0085626877844334,-.008863584138453,-.008863584138453,0,20.4,2016
2,conservative_T2016_nested_full,1312,1,20,1511,1511,.022,-.0085626877844334,-.008863584138453,-.008863584138453,0,20.4,2016
1,preferred_T2015_nested_full,1311,1,19,1511,1511,.098999999,-.0085626877844334,-.008863584138453,-.008863584138453,0,20.4,2015
2,conservative_T2016_nested_full,1040,1,4,1511,1511,.66799998,-.0085626877844334,-.008863584138453,-.008863584138453,0,20.4,2016
2,conservative_T2016_nested_full,2432,1,69,1511,1511,.40700001,-.0085626877844334,-.008863584138453,-.008863584138453,0,20.4,2016
1,preferred_T2015_nested_full,2395,1,63,1511,1511,.219,-.0085626877844334,-.008863584138453,-.008863584138453,0,20.4,2015
1,preferred_T2015_nested_full,2432,1,69,1512,1512,.003,-.0191216766834259,-.0918140411376953,-.0918140411376953,0,22.2,2015
2,conservative_T2016_nested_full,2432,1,69,1512,1512,.104,-.0191216766834259,-.0918140411376953,-.0918140411376953,0,22.2,2016
1,preferred_T2015_nested_full,2393,1,61,1512,1512,.153,-.0191216766834259,-.0918140411376953,-.0918140411376953,0,22.2,2015
2,conservative_T2016_nested_full,2393,1,61,1512,1512,.028999999,-.0191216766834259,-.0918140411376953,-.0918140411376953,0,22.2,2016
1,preferred_T2015_nested_full,1079,1,12,1512,1512,.039000001,-.0191216766834259,-.0918140411376953,-.0918140411376953,0,22.2,2015
2,conservative_T2016_nested_full,1010,1,1,1512,1512,.13,-.0191216766834259,-.0918140411376953,-.0918140411376953,0,22.2,2016
1,preferred_T2015_nested_full,2396,1,64,1512,1512,.36300001,-.0191216766834259,-.0918140411376953,-.0918140411376953,0,22.2,2015
1,preferred_T2015_nested_full,2920,1,109,1512,1512,.15000001,-.0191216766834259,-.0918140411376953,-.0918140411376953,0,22.2,2015
2,conservative_T2016_nested_full,2396,1,64,1512,1512,.155,-.0191216766834259,-.0918140411376953,-.0918140411376953,0,22.2,2016
1,preferred_T2015_nested_full,1399,1,26,1512,1512,.001,-.0191216766834259,-.0918140411376953,-.0918140411376953,0,22.2,2015
2,conservative_T2016_nested_full,2920,1,109,1512,1512,.024,-.0191216766834259,-.0918140411376953,-.0918140411376953,0,22.2,2016
1,preferred_T2015_nested_full,2396,1,64,1520,1520,.001,-.0053235702216625,-.0159918433055282,-.0159918433055282,0,32,2015
1,preferred_T2015_nested_full,2920,1,109,1520,1520,.0070000002,-.0053235702216625,-.0159918433055282,-.0159918433055282,0,32,2015
2,conservative_T2016_nested_full,1050,1,5,1520,1520,.081,-.0053235702216625,-.0159918433055282,-.0159918433055282,0,32,2016
2,conservative_T2016_nested_full,2790,0,92,1520,1520,.42500001,-.0053235702216625,-.0159918433055282,-.0159918433055282,0,32,2016
2,conservative_T2016_nested_full,1010,1,1,1520,1520,.001,-.0053235702216625,-.0159918433055282,-.0159918433055282,0,32,2016
1,preferred_T2015_nested_full,2790,0,92,1520,1520,.211,-.0053235702216625,-.0159918433055282,-.0159918433055282,0,32,2015
2,conservative_T2016_nested_full,2592,1,75,1520,1520,.199,-.0053235702216625,-.0159918433055282,-.0159918433055282,0,32,2016
2,conservative_T2016_nested_full,2920,1,109,1520,1520,.025,-.0053235702216625,-.0159918433055282,-.0159918433055282,0,32,2016
2,conservative_T2016_nested_full,2393,1,61,1702,1702,.048999999,.0003233252791688,-.0013941569486633,-.0013941569486633,.01607482991094,25.2,2016
2,conservative_T2016_nested_full,2396,1,64,1702,1702,.068999998,.0003233252791688,-.0013941569486633,-.0013941569486633,.01607482991094,25.2,2016
1,preferred_T2015_nested_full,1071,1,8,1702,1702,.17,.0003233252791688,-.0013941569486633,-.0013941569486633,.01607482991094,25.2,2015
2,conservative_T2016_nested_full,2599,1,77,1702,1702,.127,.0003233252791688,-.0013941569486633,-.0013941569486633,.01607482991094,25.2,2016
2,conservative_T2016_nested_full,2013,1,48,1702,1702,.050000001,.0003233252791688,-.0013941569486633,-.0013941569486633,.01607482991094,25.2,2016
1,preferred_T2015_nested_full,2920,1,109,1702,1702,.037999999,.0003233252791688,-.0013941569486633,-.0013941569486633,.01607482991094,25.2,2015
1,preferred_T2015_nested_full,1010,1,1,1702,1702,.551,.0003233252791688,-.0013941569486633,-.0013941569486633,.01607482991094,25.2,2015
2,conservative_T2016_nested_full,1071,1,8,1702,1702,.243,.0003233252791688,-.0013941569486633,-.0013941569486633,.01607482991094,25.2,2016
2,conservative_T2016_nested_full,2920,1,109,1702,1702,.014,.0003233252791688,-.0013941569486633,-.0013941569486633,.01607482991094,25.2,2016
2,conservative_T2016_nested_full,1512,1,31,1702,1702,.412,.0003233252791688,-.0013941569486633,-.0013941569486633,.01607482991094,25.2,2016
2,conservative_T2016_nested_full,1010,1,1,1702,1702,.54500002,.0003233252791688,-.0013941569486633,-.0013941569486633,.01607482991094,25.2,2016
1,preferred_T2015_nested_full,2393,1,61,1702,1702,.041000001,.0003233252791688,-.0013941569486633,-.0013941569486633,.01607482991094,25.2,2015
2,conservative_T2016_nested_full,1079,1,12,1702,1702,.132,.0003233252791688,-.0013941569486633,-.0013941569486633,.01607482991094,25.2,2016
1,preferred_T2015_nested_full,2396,1,64,1702,1702,.0020000001,.0003233252791688,-.0013941569486633,-.0013941569486633,.01607482991094,25.2,2015
1,preferred_T2015_nested_full,1512,1,31,1702,1702,.0080000004,.0003233252791688,-.0013941569486633,-.0013941569486633,.01607482991094,25.2,2015
1,preferred_T2015_nested_full,2599,1,77,1702,1702,.16500001,.0003233252791688,-.0013941569486633,-.0013941569486633,.01607482991094,25.2,2015
1,preferred_T2015_nested_full,1399,1,26,1702,1702,.086000003,.0003233252791688,-.0013941569486633,-.0013941569486633,.01607482991094,25.2,2015
1,preferred_T2015_nested_full,2013,1,48,1702,1702,.046999998,.0003233252791688,-.0013941569486633,-.0013941569486633,.01607482991094,25.2,2015
1,preferred_T2015_nested_full,2591,1,74,1709,1709,.003,-.0011301971971989,-.0070415027439594,-.0070415027439594,.01607482991094,145.4,2015
2,conservative_T2016_nested_full,1010,1,1,1709,1709,.0020000001,-.0011301971971989,-.0070415027439594,-.0070415027439594,.01607482991094,145.4,2016
1,preferred_T2015_nested_full,1512,1,31,1709,1709,.18700001,-.0011301971971989,-.0070415027439594,-.0070415027439594,.01607482991094,145.4,2015
2,conservative_T2016_nested_full,2920,1,109,1709,1709,.017999999,-.0011301971971989,-.0070415027439594,-.0070415027439594,.01607482991094,145.4,2016
1,preferred_T2015_nested_full,2396,1,64,1709,1709,.001,-.0011301971971989,-.0070415027439594,-.0070415027439594,.01607482991094,145.4,2015
1,preferred_T2015_nested_full,1079,1,12,1709,1709,.001,-.0011301971971989,-.0070415027439594,-.0070415027439594,.01607482991094,145.4,2015
1,preferred_T2015_nested_full,1399,1,26,1709,1709,.001,-.0011301971971989,-.0070415027439594,-.0070415027439594,.01607482991094,145.4,2015
2,conservative_T2016_nested_full,1079,1,12,1709,1709,.089000002,-.0011301971971989,-.0070415027439594,-.0070415027439594,.01607482991094,145.4,2016
1,preferred_T2015_nested_full,2920,1,109,1709,1709,.0049999999,-.0011301971971989,-.0070415027439594,-.0070415027439594,.01607482991094,145.4,2015
1,preferred_T2015_nested_full,2930,1,110,1709,1709,.075000003,-.0011301971971989,-.0070415027439594,-.0070415027439594,.01607482991094,145.4,2015
2,conservative_T2016_nested_full,2591,1,74,1709,1709,.155,-.0011301971971989,-.0070415027439594,-.0070415027439594,.01607482991094,145.4,2016
1,preferred_T2015_nested_full,1313,1,21,2013,2013,.050999999,-.0070491656661034,-.005923168733716,-.005923168733716,.0145199462156597,84.2,2015
2,conservative_T2016_nested_full,2592,1,75,2013,2013,.185,-.0070491656661034,-.005923168733716,-.005923168733716,.0145199462156597,84.2,2016
2,conservative_T2016_nested_full,2393,1,61,2013,2013,.34,-.0070491656661034,-.005923168733716,-.005923168733716,.0145199462156597,84.2,2016
2,conservative_T2016_nested_full,1313,1,21,2013,2013,.0089999996,-.0070491656661034,-.005923168733716,-.005923168733716,.0145199462156597,84.2,2016
2,conservative_T2016_nested_full,2920,1,109,2013,2013,.017999999,-.0070491656661034,-.005923168733716,-.005923168733716,.0145199462156597,84.2,2016
1,preferred_T2015_nested_full,1702,1,39,2013,2013,.192,-.0070491656661034,-.005923168733716,-.005923168733716,.0145199462156597,84.2,2015
1,preferred_T2015_nested_full,2591,1,74,2013,2013,.127,-.0070491656661034,-.005923168733716,-.005923168733716,.0145199462156597,84.2,2015
2,conservative_T2016_nested_full,1391,1,22,2013,2013,.708,-.0070491656661034,-.005923168733716,-.005923168733716,.0145199462156597,84.2,2016
1,preferred_T2015_nested_full,1709,1,40,2013,2013,.66500002,-.0070491656661034,-.005923168733716,-.005923168733716,.0145199462156597,84.2,2015
2,conservative_T2016_nested_full,1010,1,1,2013,2013,.001,-.0070491656661034,-.005923168733716,-.005923168733716,.0145199462156597,84.2,2016
2,conservative_T2016_nested_full,1709,1,40,2013,2013,.46000001,-.0070491656661034,-.005923168733716,-.005923168733716,.0145199462156597,84.2,2016
1,preferred_T2015_nested_full,2592,1,75,2013,2013,.113,-.0070491656661034,-.005923168733716,-.005923168733716,.0145199462156597,84.2,2015
1,preferred_T2015_nested_full,2920,1,109,2013,2013,.0049999999,-.0070491656661034,-.005923168733716,-.005923168733716,.0145199462156597,84.2,2015
2,conservative_T2016_nested_full,1399,1,26,2013,2013,.22499999,-.0070491656661034,-.005923168733716,-.005923168733716,.0145199462156597,84.2,2016
2,conservative_T2016_nested_full,2591,1,74,2013,2013,.13500001,-.0070491656661034,-.005923168733716,-.005923168733716,.0145199462156597,84.2,2016
1,preferred_T2015_nested_full,2396,1,64,2013,2013,.001,-.0070491656661034,-.005923168733716,-.005923168733716,.0145199462156597,84.2,2015
1,preferred_T2015_nested_full,1391,1,22,2013,2013,.57200003,-.0070491656661034,-.005923168733716,-.005923168733716,.0145199462156597,84.2,2015
1,preferred_T2015_nested_full,1399,1,26,2013,2013,.145,-.0070491656661034,-.005923168733716,-.005923168733716,.0145199462156597,84.2,2015
1,preferred_T2015_nested_full,2920,1,109,2021,2021,.0040000002,-.0339934788644314,-.0697702430188656,-.0697702430188656,0,18,2015
2,conservative_T2016_nested_full,2100,1,54,2021,2021,1,-.0339934788644314,-.0697702430188656,-.0697702430188656,0,18,2016
2,conservative_T2016_nested_full,2920,1,109,2021,2021,.0080000004,-.0339934788644314,-.0697702430188656,-.0697702430188656,0,18,2016
1,preferred_T2015_nested_full,1399,1,26,2021,2021,.033,-.0339934788644314,-.0697702430188656,-.0697702430188656,0,18,2015
2,conservative_T2016_nested_full,1079,1,12,2021,2021,.0049999999,-.0339934788644314,-.0697702430188656,-.0697702430188656,0,18,2016
2,conservative_T2016_nested_full,2310,1,58,2021,2021,.07,-.0339934788644314,-.0697702430188656,-.0697702430188656,0,18,2016
2,conservative_T2016_nested_full,1073,1,10,2021,2021,.373,-.0339934788644314,-.0697702430188656,-.0697702430188656,0,18,2016
1,preferred_T2015_nested_full,2396,1,64,2021,2021,.001,-.0339934788644314,-.0697702430188656,-.0697702430188656,0,18,2015
1,preferred_T2015_nested_full,2100,1,54,2021,2021,1,-.0339934788644314,-.0697702430188656,-.0697702430188656,0,18,2015
2,conservative_T2016_nested_full,1313,1,21,2021,2021,.093999997,-.0339934788644314,-.0697702430188656,-.0697702430188656,0,18,2016
1,preferred_T2015_nested_full,1073,1,10,2021,2021,.28799999,-.0339934788644314,-.0697702430188656,-.0697702430188656,0,18,2015
2,conservative_T2016_nested_full,1050,1,5,2021,2021,.061999999,-.0339934788644314,-.0697702430188656,-.0697702430188656,0,18,2016
2,conservative_T2016_nested_full,1512,1,31,2100,2100,.125,.0035529285669327,.0012283474206924,.0012283474206924,0,31.2,2016
2,conservative_T2016_nested_full,2396,1,64,2100,2100,.0049999999,.0035529285669327,.0012283474206924,.0012283474206924,0,31.2,2016
2,conservative_T2016_nested_full,2790,0,92,2100,2100,.27900001,.0035529285669327,.0012283474206924,.0012283474206924,0,31.2,2016
1,preferred_T2015_nested_full,2021,1,49,2100,2100,.30599999,.0035529285669327,.0012283474206924,.0012283474206924,0,31.2,2015
1,preferred_T2015_nested_full,2392,1,60,2100,2100,.375,.0035529285669327,.0012283474206924,.0012283474206924,0,31.2,2015
2,conservative_T2016_nested_full,1520,1,32,2100,2100,.13,.0035529285669327,.0012283474206924,.0012283474206924,0,31.2,2016
2,conservative_T2016_nested_full,1410,1,27,2100,2100,.199,.0035529285669327,.0012283474206924,.0012283474206924,0,31.2,2016
2,conservative_T2016_nested_full,2920,1,109,2100,2100,.0099999998,.0035529285669327,.0012283474206924,.0012283474206924,0,31.2,2016
1,preferred_T2015_nested_full,1709,1,40,2100,2100,.043000001,.0035529285669327,.0012283474206924,.0012283474206924,0,31.2,2015
1,preferred_T2015_nested_full,1410,1,27,2100,2100,.154,.0035529285669327,.0012283474206924,.0012283474206924,0,31.2,2015
2,conservative_T2016_nested_full,2021,1,49,2100,2100,.55699998,.0035529285669327,.0012283474206924,.0012283474206924,0,31.2,2016
1,preferred_T2015_nested_full,2593,1,76,2100,2100,.34099999,.0035529285669327,.0012283474206924,.0012283474206924,0,31.2,2015
1,preferred_T2015_nested_full,1512,1,31,2100,2100,.133,.0035529285669327,.0012283474206924,.0012283474206924,0,31.2,2015
2,conservative_T2016_nested_full,1399,1,26,2100,2100,.055,.0035529285669327,.0012283474206924,.0012283474206924,0,31.2,2016
2,conservative_T2016_nested_full,2593,1,76,2100,2100,.35699999,.0035529285669327,.0012283474206924,.0012283474206924,0,31.2,2016
1,preferred_T2015_nested_full,2920,1,109,2100,2100,.0049999999,.0035529285669327,.0012283474206924,.0012283474206924,0,31.2,2015
1,preferred_T2015_nested_full,2790,0,92,2100,2100,.167,.0035529285669327,.0012283474206924,.0012283474206924,0,31.2,2015
2,conservative_T2016_nested_full,2310,1,58,2100,2100,.17,.0035529285669327,.0012283474206924,.0012283474206924,0,31.2,2016
1,preferred_T2015_nested_full,1520,1,32,2100,2100,.054000001,.0035529285669327,.0012283474206924,.0012283474206924,0,31.2,2015
1,preferred_T2015_nested_full,2396,1,64,2100,2100,.0099999998,.0035529285669327,.0012283474206924,.0012283474206924,0,31.2,2015
1,preferred_T2015_nested_full,2310,1,58,2100,2100,.34299999,.0035529285669327,.0012283474206924,.0012283474206924,0,31.2,2015
2,conservative_T2016_nested_full,2392,1,60,2100,2100,.34400001,.0035529285669327,.0012283474206924,.0012283474206924,0,31.2,2016
2,conservative_T2016_nested_full,2396,1,64,2310,2310,.189,.0003264807164669,-.0026558730751276,-.0026558730751276,.0183375382033773,60,2016
1,preferred_T2015_nested_full,1071,1,8,2310,2310,.46900001,.0003264807164669,-.0026558730751276,-.0026558730751276,.0183375382033773,60,2015
2,conservative_T2016_nested_full,1071,1,8,2310,2310,.472,.0003264807164669,-.0026558730751276,-.0026558730751276,.0183375382033773,60,2016
1,preferred_T2015_nested_full,2396,1,64,2310,2310,.126,.0003264807164669,-.0026558730751276,-.0026558730751276,.0183375382033773,60,2015
1,preferred_T2015_nested_full,1050,1,5,2310,2310,.057,.0003264807164669,-.0026558730751276,-.0026558730751276,.0183375382033773,60,2015
2,conservative_T2016_nested_full,2790,0,92,2310,2310,.28600001,.0003264807164669,-.0026558730751276,-.0026558730751276,.0183375382033773,60,2016
2,conservative_T2016_nested_full,1073,1,10,2310,2310,.0099999998,.0003264807164669,-.0026558730751276,-.0026558730751276,.0183375382033773,60,2016
1,preferred_T2015_nested_full,2790,0,92,2310,2310,.57800001,.0003264807164669,-.0026558730751276,-.0026558730751276,.0183375382033773,60,2015
1,preferred_T2015_nested_full,2920,1,109,2310,2310,.0080000004,.0003264807164669,-.0026558730751276,-.0026558730751276,.0183375382033773,60,2015
1,preferred_T2015_nested_full,2432,1,69,2310,2310,.186,.0003264807164669,-.0026558730751276,-.0026558730751276,.0183375382033773,60,2015
2,conservative_T2016_nested_full,1010,1,1,2310,2310,.0040000002,.0003264807164669,-.0026558730751276,-.0026558730751276,.0183375382033773,60,2016
2,conservative_T2016_nested_full,2920,1,109,2310,2310,.012,.0003264807164669,-.0026558730751276,-.0026558730751276,.0183375382033773,60,2016
1,preferred_T2015_nested_full,1073,1,10,2310,2310,.145,.0003264807164669,-.0026558730751276,-.0026558730751276,.0183375382033773,60,2015
1,preferred_T2015_nested_full,2396,1,64,2392,2392,.223,.0293172746896744,-.0117734484374523,-.0117734484374523,.0183375382033773,30.2,2015
2,conservative_T2016_nested_full,2396,1,64,2392,2392,.19400001,.0293172746896744,-.0117734484374523,-.0117734484374523,.0183375382033773,30.2,2016
2,conservative_T2016_nested_full,1393,1,24,2392,2392,.31999999,.0293172746896744,-.0117734484374523,-.0117734484374523,.0183375382033773,30.2,2016
2,conservative_T2016_nested_full,1010,1,1,2392,2392,.001,.0293172746896744,-.0117734484374523,-.0117734484374523,.0183375382033773,30.2,2016
1,preferred_T2015_nested_full,1399,1,26,2392,2392,.12,.0293172746896744,-.0117734484374523,-.0117734484374523,.0183375382033773,30.2,2015
1,preferred_T2015_nested_full,2920,1,109,2392,2392,.0099999998,.0293172746896744,-.0117734484374523,-.0117734484374523,.0183375382033773,30.2,2015
2,conservative_T2016_nested_full,1709,1,40,2392,2392,.027000001,.0293172746896744,-.0117734484374523,-.0117734484374523,.0183375382033773,30.2,2016
2,conservative_T2016_nested_full,2920,1,109,2392,2392,.012,.0293172746896744,-.0117734484374523,-.0117734484374523,.0183375382033773,30.2,2016
2,conservative_T2016_nested_full,2930,1,110,2392,2392,.0049999999,.0293172746896744,-.0117734484374523,-.0117734484374523,.0183375382033773,30.2,2016
1,preferred_T2015_nested_full,2930,1,110,2392,2392,.26100001,.0293172746896744,-.0117734484374523,-.0117734484374523,.0183375382033773,30.2,2015
1,preferred_T2015_nested_full,1393,1,24,2392,2392,.34799999,.0293172746896744,-.0117734484374523,-.0117734484374523,.0183375382033773,30.2,2015
2,conservative_T2016_nested_full,1391,1,22,2392,2392,.050999999,.0293172746896744,-.0117734484374523,-.0117734484374523,.0183375382033773,30.2,2016
1,preferred_T2015_nested_full,1520,1,32,2392,2392,.171,.0293172746896744,-.0117734484374523,-.0117734484374523,.0183375382033773,30.2,2015
2,conservative_T2016_nested_full,1399,1,26,2392,2392,.026000001,.0293172746896744,-.0117734484374523,-.0117734484374523,.0183375382033773,30.2,2016
2,conservative_T2016_nested_full,2920,1,109,2393,2393,.035,.0459507331252098,-.0163897946476936,-.0163897946476936,.0183375382033773,18.2,2016
2,conservative_T2016_nested_full,2591,1,74,2393,2393,.001,.0459507331252098,-.0163897946476936,-.0163897946476936,.0183375382033773,18.2,2016
2,conservative_T2016_nested_full,1010,1,1,2393,2393,.0020000001,.0459507331252098,-.0163897946476936,-.0163897946476936,.0183375382033773,18.2,2016
1,preferred_T2015_nested_full,2920,1,109,2393,2393,.23,.0459507331252098,-.0163897946476936,-.0163897946476936,.0183375382033773,18.2,2015
2,conservative_T2016_nested_full,1073,1,10,2393,2393,.53799999,.0459507331252098,-.0163897946476936,-.0163897946476936,.0183375382033773,18.2,2016
1,preferred_T2015_nested_full,1391,1,22,2393,2393,.164,.0459507331252098,-.0163897946476936,-.0163897946476936,.0183375382033773,18.2,2015
2,conservative_T2016_nested_full,2930,1,110,2393,2393,.32499999,.0459507331252098,-.0163897946476936,-.0163897946476936,.0183375382033773,18.2,2016
1,preferred_T2015_nested_full,1073,1,10,2393,2393,.417,.0459507331252098,-.0163897946476936,-.0163897946476936,.0183375382033773,18.2,2015
1,preferred_T2015_nested_full,2930,1,110,2393,2393,.30399999,.0459507331252098,-.0163897946476936,-.0163897946476936,.0183375382033773,18.2,2015
2,conservative_T2016_nested_full,2593,1,76,2393,2393,.46599999,.0459507331252098,-.0163897946476936,-.0163897946476936,.0183375382033773,18.2,2016
1,preferred_T2015_nested_full,1512,1,31,2393,2393,.50099999,.0459507331252098,-.0163897946476936,-.0163897946476936,.0183375382033773,18.2,2015
1,preferred_T2015_nested_full,1399,1,26,2393,2393,.0040000002,.0459507331252098,-.0163897946476936,-.0163897946476936,.0183375382033773,18.2,2015
1,preferred_T2015_nested_full,2396,1,64,2393,2393,.0040000002,.0459507331252098,-.0163897946476936,-.0163897946476936,.0183375382033773,18.2,2015
1,preferred_T2015_nested_full,2593,1,76,2393,2393,.39500001,.0459507331252098,-.0163897946476936,-.0163897946476936,.0183375382033773,18.2,2015
2,conservative_T2016_nested_full,1312,1,20,2395,2395,.26100001,.0007038107141852,-.0010866009397432,-.0010866009397432,.0183375382033773,82,2016
1,preferred_T2015_nested_full,1399,1,26,2395,2395,.057999998,.0007038107141852,-.0010866009397432,-.0010866009397432,.0183375382033773,82,2015
2,conservative_T2016_nested_full,1050,1,5,2395,2395,.49700001,.0007038107141852,-.0010866009397432,-.0010866009397432,.0183375382033773,82,2016
2,conservative_T2016_nested_full,2920,1,109,2395,2395,.015,.0007038107141852,-.0010866009397432,-.0010866009397432,.0183375382033773,82,2016
2,conservative_T2016_nested_full,1079,1,12,2395,2395,.112,.0007038107141852,-.0010866009397432,-.0010866009397432,.0183375382033773,82,2016
2,conservative_T2016_nested_full,1391,1,22,2395,2395,.059999999,.0007038107141852,-.0010866009397432,-.0010866009397432,.0183375382033773,82,2016
2,conservative_T2016_nested_full,1010,1,1,2395,2395,.003,.0007038107141852,-.0010866009397432,-.0010866009397432,.0183375382033773,82,2016
1,preferred_T2015_nested_full,2920,1,109,2395,2395,.014,.0007038107141852,-.0010866009397432,-.0010866009397432,.0183375382033773,82,2015
1,preferred_T2015_nested_full,1050,1,5,2395,2395,.89200002,.0007038107141852,-.0010866009397432,-.0010866009397432,.0183375382033773,82,2015
1,preferred_T2015_nested_full,2396,1,64,2395,2395,.0020000001,.0007038107141852,-.0010866009397432,-.0010866009397432,.0183375382033773,82,2015
1,preferred_T2015_nested_full,1079,1,12,2395,2395,.016000001,.0007038107141852,-.0010866009397432,-.0010866009397432,.0183375382033773,82,2015
1,preferred_T2015_nested_full,1391,1,22,2395,2395,.027000001,.0007038107141852,-.0010866009397432,-.0010866009397432,.0183375382033773,82,2015
1,preferred_T2015_nested_full,1312,1,20,2395,2395,.296,.0007038107141852,-.0010866009397432,-.0010866009397432,.0183375382033773,82,2015
1,preferred_T2015_nested_full,1399,1,26,2396,2396,.001,-.0478694401681423,-.0465573046822101,-.0465573046822101,.0183375382033773,34,2015
2,conservative_T2016_nested_full,2920,1,109,2396,2396,.015,-.0478694401681423,-.0465573046822101,-.0465573046822101,.0183375382033773,34,2016
1,preferred_T2015_nested_full,2920,1,109,2396,2396,.014,-.0478694401681423,-.0465573046822101,-.0465573046822101,.0183375382033773,34,2015
2,conservative_T2016_nested_full,1010,1,1,2396,2396,.0020000001,-.0478694401681423,-.0465573046822101,-.0465573046822101,.0183375382033773,34,2016
2,conservative_T2016_nested_full,2592,1,75,2432,2432,.484,0,0,0,0,22.6,2016
2,conservative_T2016_nested_full,2593,1,76,2432,2432,.106,0,0,0,0,22.6,2016
2,conservative_T2016_nested_full,2599,1,77,2432,2432,.089000002,0,0,0,0,22.6,2016
1,preferred_T2015_nested_full,2920,1,109,2432,2432,.0049999999,0,0,0,0,22.6,2015
2,conservative_T2016_nested_full,2591,1,74,2432,2432,.248,0,0,0,0,22.6,2016
1,preferred_T2015_nested_full,2930,1,110,2432,2432,.063000001,0,0,0,0,22.6,2015
1,preferred_T2015_nested_full,2591,1,74,2432,2432,.244,0,0,0,0,22.6,2015
1,preferred_T2015_nested_full,2310,1,58,2432,2432,.229,0,0,0,0,22.6,2015
1,preferred_T2015_nested_full,2593,1,76,2432,2432,.116,0,0,0,0,22.6,2015
2,conservative_T2016_nested_full,2920,1,109,2432,2432,.016000001,0,0,0,0,22.6,2016
1,preferred_T2015_nested_full,2592,1,75,2432,2432,.23199999,0,0,0,0,22.6,2015
1,preferred_T2015_nested_full,1520,1,32,2432,2432,.074000001,0,0,0,0,22.6,2015
1,preferred_T2015_nested_full,2396,1,64,2432,2432,.001,0,0,0,0,22.6,2015
2,conservative_T2016_nested_full,1520,1,32,2432,2432,.098999999,0,0,0,0,22.6,2016
1,preferred_T2015_nested_full,1511,1,30,2432,2432,.153,0,0,0,0,22.6,2015
1,preferred_T2015_nested_full,1079,1,12,2432,2432,.0040000002,0,0,0,0,22.6,2015
1,preferred_T2015_nested_full,1079,1,12,2591,2591,.001,0,0,0,0,86.40000000000001,2015
1,preferred_T2015_nested_full,2920,1,109,2591,2591,.0060000001,0,0,0,0,86.40000000000001,2015
2,conservative_T2016_nested_full,1430,1,29,2591,2591,.26100001,0,0,0,0,86.40000000000001,2016
2,conservative_T2016_nested_full,1010,1,1,2591,2591,.003,0,0,0,0,86.40000000000001,2016
2,conservative_T2016_nested_full,2920,1,109,2591,2591,.030999999,0,0,0,0,86.40000000000001,2016
1,preferred_T2015_nested_full,2396,1,64,2591,2591,.001,0,0,0,0,86.40000000000001,2015
1,preferred_T2015_nested_full,2599,1,77,2591,2591,.17,0,0,0,0,86.40000000000001,2015
1,preferred_T2015_nested_full,1430,1,29,2591,2591,.42199999,0,0,0,0,86.40000000000001,2015
1,preferred_T2015_nested_full,1313,1,21,2591,2591,.054000001,0,0,0,0,86.40000000000001,2015
2,conservative_T2016_nested_full,2930,1,110,2591,2591,.126,0,0,0,0,86.40000000000001,2016
1,preferred_T2015_nested_full,1071,1,8,2592,2592,.011,0,0,0,0,24.8,2015
2,conservative_T2016_nested_full,2599,1,77,2592,2592,.184,0,0,0,0,24.8,2016
1,preferred_T2015_nested_full,2920,1,109,2592,2592,.0070000002,0,0,0,0,24.8,2015
2,conservative_T2016_nested_full,1511,1,30,2592,2592,.054000001,0,0,0,0,24.8,2016
2,conservative_T2016_nested_full,2432,1,69,2592,2592,.41499999,0,0,0,0,24.8,2016
2,conservative_T2016_nested_full,2593,1,76,2592,2592,.0060000001,0,0,0,0,24.8,2016
1,preferred_T2015_nested_full,1520,1,32,2592,2592,.671,0,0,0,0,24.8,2015
2,conservative_T2016_nested_full,1520,1,32,2592,2592,.40599999,0,0,0,0,24.8,2016
2,conservative_T2016_nested_full,1313,1,21,2592,2592,.085000001,0,0,0,0,24.8,2016
2,conservative_T2016_nested_full,2920,1,109,2592,2592,.022,0,0,0,0,24.8,2016
1,preferred_T2015_nested_full,2013,1,48,2592,2592,.071999997,0,0,0,0,24.8,2015
1,preferred_T2015_nested_full,2396,1,64,2592,2592,.001,0,0,0,0,24.8,2015
1,preferred_T2015_nested_full,1313,1,21,2592,2592,.138,0,0,0,0,24.8,2015
1,preferred_T2015_nested_full,2432,1,69,2592,2592,.117,0,0,0,0,24.8,2015
1,preferred_T2015_nested_full,1079,1,12,2592,2592,.001,0,0,0,0,24.8,2015
1,preferred_T2015_nested_full,1430,1,29,2592,2592,.16500001,0,0,0,0,24.8,2015
2,conservative_T2016_nested_full,1312,1,20,2592,2592,.02,0,0,0,0,24.8,2016
2,conservative_T2016_nested_full,2920,1,109,2593,2593,.022,-.0178667716681957,-.025623083114624,-.025623083114624,.0130010103937821,17.8,2016
1,preferred_T2015_nested_full,2920,1,109,2593,2593,.0040000002,-.0178667716681957,-.025623083114624,-.025623083114624,.0130010103937821,17.8,2015
2,conservative_T2016_nested_full,1313,1,21,2593,2593,.025,-.0178667716681957,-.025623083114624,-.025623083114624,.0130010103937821,17.8,2016
1,preferred_T2015_nested_full,2790,0,92,2593,2593,.045000002,-.0178667716681957,-.025623083114624,-.025623083114624,.0130010103937821,17.8,2015
1,preferred_T2015_nested_full,1073,1,10,2593,2593,.061000001,-.0178667716681957,-.025623083114624,-.025623083114624,.0130010103937821,17.8,2015
2,conservative_T2016_nested_full,1073,1,10,2593,2593,.039999999,-.0178667716681957,-.025623083114624,-.025623083114624,.0130010103937821,17.8,2016
1,preferred_T2015_nested_full,2396,1,64,2593,2593,.0020000001,-.0178667716681957,-.025623083114624,-.025623083114624,.0130010103937821,17.8,2015
1,preferred_T2015_nested_full,2930,1,110,2593,2593,.035999998,-.0178667716681957,-.025623083114624,-.025623083114624,.0130010103937821,17.8,2015
2,conservative_T2016_nested_full,2021,1,49,2593,2593,.055,-.0178667716681957,-.025623083114624,-.025623083114624,.0130010103937821,17.8,2016
2,conservative_T2016_nested_full,2930,1,110,2593,2593,.093000002,-.0178667716681957,-.025623083114624,-.025623083114624,.0130010103937821,17.8,2016
2,conservative_T2016_nested_full,1312,1,20,2599,2599,.30899999,-.0021912455558777,-.0164148341864347,-.0164148341864347,.0130010103937821,389.4,2016
1,preferred_T2015_nested_full,2310,1,58,2599,2599,.057999998,-.0021912455558777,-.0164148341864347,-.0164148341864347,.0130010103937821,389.4,2015
2,conservative_T2016_nested_full,2920,1,109,2599,2599,.024,-.0021912455558777,-.0164148341864347,-.0164148341864347,.0130010103937821,389.4,2016
1,preferred_T2015_nested_full,1312,1,20,2599,2599,.33199999,-.0021912455558777,-.0164148341864347,-.0164148341864347,.0130010103937821,389.4,2015
2,conservative_T2016_nested_full,1010,1,1,2599,2599,.0020000001,-.0021912455558777,-.0164148341864347,-.0164148341864347,.0130010103937821,389.4,2016
1,preferred_T2015_nested_full,2591,1,74,2599,2599,.092,-.0021912455558777,-.0164148341864347,-.0164148341864347,.0130010103937821,389.4,2015
2,conservative_T2016_nested_full,1709,1,40,2599,2599,.083999999,-.0021912455558777,-.0164148341864347,-.0164148341864347,.0130010103937821,389.4,2016
1,preferred_T2015_nested_full,1073,1,10,2599,2599,.027000001,-.0021912455558777,-.0164148341864347,-.0164148341864347,.0130010103937821,389.4,2015
1,preferred_T2015_nested_full,1520,1,32,2599,2599,.0060000001,-.0021912455558777,-.0164148341864347,-.0164148341864347,.0130010103937821,389.4,2015
2,conservative_T2016_nested_full,1071,1,8,2599,2599,.0099999998,-.0021912455558777,-.0164148341864347,-.0164148341864347,.0130010103937821,389.4,2016
1,preferred_T2015_nested_full,2920,1,109,2599,2599,.0040000002,-.0021912455558777,-.0164148341864347,-.0164148341864347,.0130010103937821,389.4,2015
2,conservative_T2016_nested_full,2790,0,92,2599,2599,.011,-.0021912455558777,-.0164148341864347,-.0164148341864347,.0130010103937821,389.4,2016
2,conservative_T2016_nested_full,1010,1,1,2920,2920,.0040000002,-.0000129800755531,.0008677758742124,.0008677758742124,.0176250763048301,31.8,2016
1,preferred_T2015_nested_full,1399,1,26,2920,2920,.001,-.0000129800755531,.0008677758742124,.0008677758742124,.0176250763048301,31.8,2015
1,preferred_T2015_nested_full,2396,1,64,2920,2920,.0020000001,-.0000129800755531,.0008677758742124,.0008677758742124,.0176250763048301,31.8,2015
1,preferred_T2015_nested_full,1709,1,40,2930,2930,.177,.0037244576960802,-.0014920011162758,-.0014920011162758,.0176250763048301,192.4,2015
2,conservative_T2016_nested_full,1709,1,40,2930,2930,.28600001,.0037244576960802,-.0014920011162758,-.0014920011162758,.0176250763048301,192.4,2016
1,preferred_T2015_nested_full,2396,1,64,2930,2930,.001,.0037244576960802,-.0014920011162758,-.0014920011162758,.0176250763048301,192.4,2015
1,preferred_T2015_nested_full,1312,1,20,2930,2930,.146,.0037244576960802,-.0014920011162758,-.0014920011162758,.0176250763048301,192.4,2015
1,preferred_T2015_nested_full,1410,1,27,2930,2930,.51499999,.0037244576960802,-.0014920011162758,-.0014920011162758,.0176250763048301,192.4,2015
2,conservative_T2016_nested_full,1410,1,27,2930,2930,.22499999,.0037244576960802,-.0014920011162758,-.0014920011162758,.0176250763048301,192.4,2016
2,conservative_T2016_nested_full,1010,1,1,2930,2930,.003,.0037244576960802,-.0014920011162758,-.0014920011162758,.0176250763048301,192.4,2016
1,preferred_T2015_nested_full,2920,1,109,2930,2930,.001,.0037244576960802,-.0014920011162758,-.0014920011162758,.0176250763048301,192.4,2015
2,conservative_T2016_nested_full,1312,1,20,2930,2930,.178,.0037244576960802,-.0014920011162758,-.0014920011162758,.0176250763048301,192.4,2016
2,conservative_T2016_nested_full,2920,1,109,2930,2930,.090999998,.0037244576960802,-.0014920011162758,-.0014920011162758,.0176250763048301,192.4,2016
