objective,output_scale,output_markup,high_markup_output,concentration_output,share_output,mean_reversion,drift
37.63492579088011,1.0,-0.4,-0.25,-0.5,-0.15,-0.05,0.0
37.63492576980587,1.00000001,-0.4,-0.25,-0.5,-0.15,-0.05,0.0
37.63492610927305,1.0,-0.39999999,-0.25,-0.5,-0.15,-0.05,0.0
37.63492576624886,1.0,-0.4,-0.24999999,-0.5,-0.15,-0.05,0.0
37.634925872910614,1.0,-0.4,-0.25,-0.49999999,-0.15,-0.05,0.0
37.634925788046594,1.0,-0.4,-0.25,-0.5,-0.14999999,-0.05,0.0
37.63492565584671,1.0,-0.4,-0.25,-0.5,-0.15,-0.04999999,0.0
37.63492320142608,1.0,-0.4,-0.25,-0.5,-0.15,-0.05,1e-08
2717.7361982330267,3.1074242923372797,-5.0,2.213124816518416,-8.70305033221104,0.1333516534010417,1.5,0.5
2717.7361982641983,3.1074243023372796,-5.0,2.213124816518416,-8.70305033221104,0.1333516534010417,1.5,0.5
2717.7361897245755,3.1074242923372797,-4.99999999,2.213124816518416,-8.70305033221104,0.1333516534010417,1.5,0.5
2717.7361974324217,3.1074242923372797,-5.0,2.213124826518416,-8.70305033221104,0.1333516534010417,1.5,0.5
2717.736197228039,3.1074242923372797,-5.0,2.213124816518416,-8.70305032221104,0.1333516534010417,1.5,0.5
2717.736198153482,3.1074242923372797,-5.0,2.213124816518416,-8.70305033221104,0.13335166340104168,1.5,0.5
2717.7362025142993,3.1074242923372797,-5.0,2.213124816518416,-8.70305033221104,0.1333516534010417,1.49999999,0.5
2717.7361715287657,3.1074242923372797,-5.0,2.213124816518416,-8.70305033221104,0.1333516534010417,1.5,0.49999999
28.370458947014544,1.1118121005436274,-0.6440589037389584,-0.11931575163223745,-0.9352233633467228,-0.1349664143692001,0.032237239303344684,0.026528141710756348
28.370459010588323,1.1118121105436274,-0.6440589037389584,-0.11931575163223745,-0.9352233633467228,-0.1349664143692001,0.032237239303344684,0.026528141710756348
28.370458664261953,1.1118121005436274,-0.6440588937389583,-0.11931575163223745,-0.9352233633467228,-0.1349664143692001,0.032237239303344684,0.026528141710756348
28.370458959417615,1.1118121005436274,-0.6440589037389584,-0.11931574163223746,-0.9352233633467228,-0.1349664143692001,0.032237239303344684,0.026528141710756348
28.370458927274683,1.1118121005436274,-0.6440589037389584,-0.11931575163223745,-0.9352233533467228,-0.1349664143692001,0.032237239303344684,0.026528141710756348
28.370458940645506,1.1118121005436274,-0.6440589037389584,-0.11931575163223745,-0.9352233633467228,-0.1349664043692001,0.032237239303344684,0.026528141710756348
28.370458044229487,1.1118121005436274,-0.6440589037389584,-0.11931575163223745,-0.9352233633467228,-0.1349664143692001,0.032237249303344685,0.026528141710756348
28.370458245952886,1.1118121005436274,-0.6440589037389584,-0.11931575163223745,-0.9352233633467228,-0.1349664143692001,0.032237239303344684,0.02652815171075635
23.860069144661544,1.1055167052336956,-0.6236091352998077,-0.12396028768983879,-0.9207008364243141,-0.1351589793172886,0.06905602996977789,0.052661788974119925
23.860069209764806,1.1055167152336955,-0.6236091352998077,-0.12396028768983879,-0.9207008364243141,-0.1351589793172886,0.06905602996977789,0.052661788974119925
23.860068805698063,1.1055167052336956,-0.6236091252998076,-0.12396028768983879,-0.9207008364243141,-0.1351589793172886,0.06905602996977789,0.052661788974119925
23.860069161497304,1.1055167052336956,-0.6236091352998077,-0.12396027768983879,-0.9207008364243141,-0.1351589793172886,0.06905602996977789,0.052661788974119925
23.860069111226938,1.1055167052336956,-0.6236091352998077,-0.12396028768983879,-0.9207008264243141,-0.1351589793172886,0.06905602996977789,0.052661788974119925
23.860069138885525,1.1055167052336956,-0.6236091352998077,-0.12396028768983879,-0.9207008364243141,-0.1351589693172886,0.06905602996977789,0.052661788974119925
23.860068649867458,1.1055167052336956,-0.6236091352998077,-0.12396028768983879,-0.9207008364243141,-0.1351589793172886,0.06905603996977788,0.052661788974119925
23.8600691851622,1.1055167052336956,-0.6236091352998077,-0.12396028768983879,-0.9207008364243141,-0.1351589793172886,0.06905602996977789,0.052661798974119926
25.066003320291454,0.9810536200837763,-0.33671101801569303,-0.261917612966718,-0.4640338048411172,-0.15006284522149443,0.0662812371740921,0.11926044590629467
25.06600328158688,0.9810536300837763,-0.33671101801569303,-0.261917612966718,-0.4640338048411172,-0.15006284522149443,0.0662812371740921,0.11926044590629467
25.066003866813347,0.9810536200837763,-0.33671100801569304,-0.261917612966718,-0.4640338048411172,-0.15006284522149443,0.0662812371740921,0.11926044590629467
25.066003398726146,0.9810536200837763,-0.33671101801569303,-0.261917602966718,-0.4640338048411172,-0.15006284522149443,0.0662812371740921,0.11926044590629467
25.066003460201795,0.9810536200837763,-0.33671101801569303,-0.261917612966718,-0.46403379484111723,-0.15006284522149443,0.0662812371740921,0.11926044590629467
25.066003320154557,0.9810536200837763,-0.33671101801569303,-0.261917612966718,-0.4640338048411172,-0.15006283522149444,0.0662812371740921,0.11926044590629467
25.066003284333988,0.9810536200837763,-0.33671101801569303,-0.261917612966718,-0.4640338048411172,-0.15006284522149443,0.06628124717409209,0.11926044590629467
25.06600332393221,0.9810536200837763,-0.33671101801569303,-0.261917612966718,-0.4640338048411172,-0.15006284522149443,0.0662812371740921,0.11926045590629467
20.94926724240347,1.0450522508910924,-0.4842333670339877,-0.19098027506508286,-0.698850937334357,-0.14239931180951043,0.06770802921836765,0.08501557039054325
20.949267272815653,1.0450522608910924,-0.4842333670339877,-0.19098027506508286,-0.698850937334357,-0.14239931180951043,0.06770802921836765,0.08501557039054325
20.94926724723609,1.0450522508910924,-0.48423335703398773,-0.19098027506508286,-0.698850937334357,-0.14239931180951043,0.06770802921836765,0.08501557039054325
20.94926729232244,1.0450522508910924,-0.4842333670339877,-0.19098026506508287,-0.698850937334357,-0.14239931180951043,0.06770802921836765,0.08501557039054325
20.949267275414375,1.0450522508910924,-0.4842333670339877,-0.19098027506508286,-0.6988509273343569,-0.14239931180951043,0.06770802921836765,0.08501557039054325
20.94926723799166,1.0450522508910924,-0.4842333670339877,-0.19098027506508286,-0.698850937334357,-0.14239930180951044,0.06770802921836765,0.08501557039054325
20.949267064358086,1.0450522508910924,-0.4842333670339877,-0.19098027506508286,-0.698850937334357,-0.14239931180951043,0.06770803921836764,0.08501557039054325
20.94926722050699,1.0450522508910924,-0.4842333670339877,-0.19098027506508286,-0.698850937334357,-0.14239931180951043,0.06770802921836765,0.08501558039054324
19.60312313527134,1.0594546181578481,-0.5257132857251843,-0.17588077831399526,-0.8001679734766558,-0.13784341099334582,0.12347956375684467,0.06987211766094864
19.60312316790729,1.059454628157848,-0.5257132857251843,-0.17588077831399526,-0.8001679734766558,-0.13784341099334582,0.12347956375684467,0.06987211766094864
19.603123059260604,1.0594546181578481,-0.5257132757251842,-0.17588077831399526,-0.8001679734766558,-0.13784341099334582,0.12347956375684467,0.06987211766094864
19.60312316292638,1.0594546181578481,-0.5257132857251843,-0.17588076831399527,-0.8001679734766558,-0.13784341099334582,0.12347956375684467,0.06987211766094864
19.603123154695197,1.0594546181578481,-0.5257132857251843,-0.17588077831399526,-0.8001679634766558,-0.13784341099334582,0.12347956375684467,0.06987211766094864
19.603123130851863,1.0594546181578481,-0.5257132857251843,-0.17588077831399526,-0.8001679734766558,-0.13784340099334583,0.12347956375684467,0.06987211766094864
19.603122807588978,1.0594546181578481,-0.5257132857251843,-0.17588077831399526,-0.8001679734766558,-0.13784341099334582,0.12347957375684467,0.06987211766094864
19.60312312622907,1.0594546181578481,-0.5257132857251843,-0.17588077831399526,-0.8001679734766558,-0.13784341099334582,0.12347956375684467,0.06987212766094864
14.610920385281522,1.117064087224871,-0.6916329604899705,-0.11548279130964487,-1.205436118045851,-0.11961980772868738,0.3465657019107528,0.009298306742570206
14.610920425112543,1.1170640972248709,-0.6916329604899705,-0.11548279130964487,-1.205436118045851,-0.11961980772868738,0.3465657019107528,0.009298306742570206
14.610920240004916,1.117064087224871,-0.6916329504899704,-0.11548279130964487,-1.205436118045851,-0.11961980772868738,0.3465657019107528,0.009298306742570206
14.610920402073386,1.117064087224871,-0.6916329604899705,-0.11548278130964487,-1.205436118045851,-0.11961980772868738,0.3465657019107528,0.009298306742570206
14.61092037570402,1.117064087224871,-0.6916329604899705,-0.11548279130964487,-1.205436108045851,-0.11961980772868738,0.3465657019107528,0.009298306742570206
14.610920380709082,1.117064087224871,-0.6916329604899705,-0.11548279130964487,-1.205436118045851,-0.11961979772868739,0.3465657019107528,0.009298306742570206
14.610920079318806,1.117064087224871,-0.6916329604899705,-0.11548279130964487,-1.205436118045851,-0.11961980772868738,0.3465657119107528,0.009298306742570206
14.610919964710021,1.117064087224871,-0.6916329604899705,-0.11548279130964487,-1.205436118045851,-0.11961980772868738,0.3465657019107528,0.009298316742570206
10.535853190148107,1.1504665952170074,-0.8331037336550747,-0.08658889191060141,-1.6602544813861622,-0.09609591895239081,0.7037403044546573,-0.04134596999052707
10.535853122592254,1.1504666052170074,-0.8331037336550747,-0.08658889191060141,-1.6602544813861622,-0.09609591895239081,0.7037403044546573,-0.04134596999052707
10.535853247233167,1.1504665952170074,-0.8331037236550747,-0.08658889191060141,-1.6602544813861622,-0.09609591895239081,0.7037403044546573,-0.04134596999052707
10.535853208442372,1.1504665952170074,-0.8331037336550747,-0.08658888191060142,-1.6602544813861622,-0.09609591895239081,0.7037403044546573,-0.04134596999052707
10.535853210456736,1.1504665952170074,-0.8331037336550747,-0.08658889191060141,-1.6602544713861622,-0.09609591895239081,0.7037403044546573,-0.04134596999052707
10.535853192576086,1.1504665952170074,-0.8331037336550747,-0.08658889191060141,-1.6602544813861622,-0.09609590895239081,0.7037403044546573,-0.04134596999052707
10.535853195752857,1.1504665952170074,-0.8331037336550747,-0.08658889191060141,-1.6602544813861622,-0.09609591895239081,0.7037403144546573,-0.04134596999052707
10.53585267321896,1.1504665952170074,-0.8331037336550747,-0.08658889191060141,-1.6602544813861622,-0.09609591895239081,0.7037403044546573,-0.04134595999052707
9.726675951966534,1.1615924849456163,-0.7982934061966358,-0.10907812264730565,-1.6014092402545284,-0.09951638882088648,0.6577274028775918,-0.016311655917988027
9.726675895081963,1.1615924949456162,-0.7982934061966358,-0.10907812264730565,-1.6014092402545284,-0.09951638882088648,0.6577274028775918,-0.016311655917988027
9.726675940514932,1.1615924849456163,-0.7982933961966358,-0.10907812264730565,-1.6014092402545284,-0.09951638882088648,0.6577274028775918,-0.016311655917988027
9.726675964056408,1.1615924849456163,-0.7982934061966358,-0.10907811264730566,-1.6014092402545284,-0.09951638882088648,0.6577274028775918,-0.016311655917988027
9.726675962000607,1.1615924849456163,-0.7982934061966358,-0.10907812264730565,-1.6014092302545284,-0.09951638882088648,0.6577274028775918,-0.016311655917988027
9.72667595350938,1.1615924849456163,-0.7982934061966358,-0.10907812264730565,-1.6014092402545284,-0.09951637882088649,0.6577274028775918,-0.016311655917988027
9.726675917444854,1.1615924849456163,-0.7982934061966358,-0.10907812264730565,-1.6014092402545284,-0.09951638882088648,0.6577274128775918,-0.016311655917988027
9.726675812739899,1.1615924849456163,-0.7982934061966358,-0.10907812264730565,-1.6014092402545284,-0.09951638882088648,0.6577274028775918,-0.016311645917988025
9.15734170233744,1.1921690900941855,-0.820906955926649,-0.11261856450441018,-1.7021945954526412,-0.09532346200884327,0.7182022689404142,-0.010720086356935552
9.157341657522393,1.1921691000941854,-0.820906955926649,-0.11261856450441018,-1.7021945954526412,-0.09532346200884327,0.7182022689404142,-0.010720086356935552
9.1573416523143,1.1921690900941855,-0.8209069459266489,-0.11261856450441018,-1.7021945954526412,-0.09532346200884327,0.7182022689404142,-0.010720086356935552
9.157341710949927,1.1921690900941855,-0.820906955926649,-0.11261855450441019,-1.7021945954526412,-0.09532346200884327,0.7182022689404142,-0.010720086356935552
9.15734170519715,1.1921690900941855,-0.820906955926649,-0.11261856450441018,-1.7021945854526412,-0.09532346200884327,0.7182022689404142,-0.010720086356935552
9.157341703150566,1.1921690900941855,-0.820906955926649,-0.11261856450441018,-1.7021945954526412,-0.09532345200884328,0.7182022689404142,-0.010720086356935552
9.157341637148395,1.1921690900941855,-0.820906955926649,-0.11261856450441018,-1.7021945954526412,-0.09532346200884327,0.7182022789404142,-0.010720086356935552
9.157341616352806,1.1921690900941855,-0.820906955926649,-0.11261856450441018,-1.7021945954526412,-0.09532346200884327,0.7182022689404142,-0.010720076356935553
8.053558711059486,1.3144755106884622,-0.9113611548467017,-0.1267803319328283,-2.1053360162450927,-0.07855175476067043,0.9601017331917037,0.011646191887274344
8.05355870312671,1.3144755206884622,-0.9113611548467017,-0.1267803319328283,-2.1053360162450927,-0.07855175476067043,0.9601017331917037,0.011646191887274344
8.05355853087098,1.3144755106884622,-0.9113611448467016,-0.1267803319328283,-2.1053360162450927,-0.07855175476067043,0.9601017331917037,0.011646191887274344
8.053558704721045,1.3144755106884622,-0.9113611548467017,-0.12678032193282832,-2.1053360162450927,-0.07855175476067043,0.9601017331917037,0.011646191887274344
8.053558693855013,1.3144755106884622,-0.9113611548467017,-0.1267803319328283,-2.1053360062450928,-0.07855175476067043,0.9601017331917037,0.011646191887274344
8.053558708787065,1.3144755106884622,-0.9113611548467017,-0.1267803319328283,-2.1053360162450927,-0.07855174476067044,0.9601017331917037,0.011646191887274344
8.053558610070215,1.3144755106884622,-0.9113611548467017,-0.1267803319328283,-2.1053360162450927,-0.07855175476067043,0.9601017431917037,0.011646191887274344
8.053559140375107,1.3144755106884622,-0.9113611548467017,-0.1267803319328283,-2.1053360162450927,-0.07855175476067043,0.9601017331917037,0.011646201887274344
7.525040811838541,1.3033939190781392,-0.9181918973577543,-0.11963060827317858,-2.123430493262677,-0.07689253064267408,0.991076657253495,-0.0028951081958959136
7.525040792412765,1.3033939290781391,-0.9181918973577543,-0.11963060827317858,-2.123430493262677,-0.07689253064267408,0.991076657253495,-0.0028951081958959136
7.5250406987806056,1.3033939190781392,-0.9181918873577543,-0.11963060827317858,-2.123430493262677,-0.07689253064267408,0.991076657253495,-0.0028951081958959136
7.525040810844805,1.3033939190781392,-0.9181918973577543,-0.11963059827317858,-2.123430493262677,-0.07689253064267408,0.991076657253495,-0.0028951081958959136
7.5250408053454105,1.3033939190781392,-0.9181918973577543,-0.11963060827317858,-2.123430483262677,-0.07689253064267408,0.991076657253495,-0.0028951081958959136
7.525040810269589,1.3033939190781392,-0.9181918973577543,-0.11963060827317858,-2.123430493262677,-0.07689252064267409,0.991076657253495,-0.0028951081958959136
7.525040753293654,1.3033939190781392,-0.9181918973577543,-0.11963060827317858,-2.123430493262677,-0.07689253064267408,0.9910766672534951,-0.0028951081958959136
7.525040989483897,1.3033939190781392,-0.9181918973577543,-0.11963060827317858,-2.123430493262677,-0.07689253064267408,0.991076657253495,-0.0028950981958959137
6.898308410292683,1.322598432678335,-0.9351726949288707,-0.12407745153278815,-2.2350108743890007,-0.07104539586015798,1.0904688981690918,-0.009483622977094514
6.898308373075748,1.322598442678335,-0.9351726949288707,-0.12407745153278815,-2.2350108743890007,-0.07104539586015798,1.0904688981690918,-0.009483622977094514
6.898308355388654,1.322598432678335,-0.9351726849288706,-0.12407745153278815,-2.2350108743890007,-0.07104539586015798,1.0904688981690918,-0.009483622977094514
6.898308410033486,1.322598432678335,-0.9351726949288707,-0.12407744153278816,-2.2350108743890007,-0.07104539586015798,1.0904688981690918,-0.009483622977094514
6.89830841463867,1.322598432678335,-0.9351726949288707,-0.12407745153278815,-2.2350108643890008,-0.07104539586015798,1.0904688981690918,-0.009483622977094514
6.898308409095517,1.322598432678335,-0.9351726949288707,-0.12407745153278815,-2.2350108743890007,-0.07104538586015799,1.0904688981690918,-0.009483622977094514
6.898308356670765,1.322598432678335,-0.9351726949288707,-0.12407745153278815,-2.2350108743890007,-0.07104539586015798,1.0904689081690917,-0.009483622977094514
6.898308739565072,1.322598432678335,-0.9351726949288707,-0.12407745153278815,-2.2350108743890007,-0.07104539586015798,1.0904688981690918,-0.009483612977094514
5.394923074368588,1.3994164870791188,-1.003095885213336,-0.14186482457122646,-2.681332398894296,-0.047656856730093594,1.4880378618314787,-0.03583768210188891
5.39492301972574,1.3994164970791187,-1.003095885213336,-0.14186482457122646,-2.681332398894296,-0.047656856730093594,1.4880378618314787,-0.03583768210188891
5.394923128634679,1.3994164870791188,-1.003095875213336,-0.14186482457122646,-2.681332398894296,-0.047656856730093594,1.4880378618314787,-0.03583768210188891
5.3949230845229845,1.3994164870791188,-1.003095885213336,-0.14186481457122646,-2.681332398894296,-0.047656856730093594,1.4880378618314787,-0.03583768210188891
5.394923092062099,1.3994164870791188,-1.003095885213336,-0.14186482457122646,-2.681332388894296,-0.047656856730093594,1.4880378618314787,-0.03583768210188891
5.394923075654163,1.3994164870791188,-1.003095885213336,-0.14186482457122646,-2.681332398894296,-0.04765684673009359,1.4880378618314787,-0.03583768210188891
5.394923094991834,1.3994164870791188,-1.003095885213336,-0.14186482457122646,-2.681332398894296,-0.047656856730093594,1.4880378718314786,-0.03583768210188891
5.394923012444683,1.3994164870791188,-1.003095885213336,-0.14186482457122646,-2.681332398894296,-0.047656856730093594,1.4880378618314787,-0.03583767210188891
9.585226257070069,1.6986571067383713,-1.3019871621847658,-0.15867776846471218,-4.146112741589057,0.02363788199011887,1.5,-0.0940262477681238
9.585226306231453,1.6986571167383713,-1.3019871621847658,-0.15867776846471218,-4.146112741589057,0.02363788199011887,1.5,-0.0940262477681238
9.585225870554437,1.6986571067383713,-1.301987152184766,-0.15867776846471218,-4.146112741589057,0.02363788199011887,1.5,-0.0940262477681238
9.585226210796263,1.6986571067383713,-1.3019871621847658,-0.1586777584647122,-4.146112741589057,0.02363788199011887,1.5,-0.0940262477681238
9.585226202608311,1.6986571067383713,-1.3019871621847658,-0.15867776846471218,-4.146112731589057,0.02363788199011887,1.5,-0.0940262477681238
9.585226251714015,1.6986571067383713,-1.3019871621847658,-0.15867776846471218,-4.146112741589057,0.02363789199011887,1.5,-0.0940262477681238
9.585226409662589,1.6986571067383713,-1.3019871621847658,-0.15867776846471218,-4.146112741589057,0.02363788199011887,1.49999999,-0.0940262477681238
9.58522736006837,1.6986571067383713,-1.3019871621847658,-0.15867776846471218,-4.146112741589057,0.02363788199011887,1.5,-0.0940262377681238
4.605455322979945,1.4856431356314839,-1.0892218701285201,-0.14670950042400688,-3.1034111259059447,-0.027113167219422647,1.4914847704930316,-0.05260480752484123
4.6054552989596065,1.4856431456314838,-1.0892218701285201,-0.14670950042400688,-3.1034111259059447,-0.027113167219422647,1.4914847704930316,-0.05260480752484123
4.605455246982775,1.4856431356314839,-1.0892218601285202,-0.14670950042400688,-3.1034111259059447,-0.027113167219422647,1.4914847704930316,-0.05260480752484123
4.605455315232173,1.4856431356314839,-1.0892218701285201,-0.14670949042400688,-3.1034111259059447,-0.027113167219422647,1.4914847704930316,-0.05260480752484123
4.605455315937801,1.4856431356314839,-1.0892218701285201,-0.14670950042400688,-3.1034111159059448,-0.027113167219422647,1.4914847704930316,-0.05260480752484123
4.605455322504513,1.4856431356314839,-1.0892218701285201,-0.14670950042400688,-3.1034111259059447,-0.027113157219422646,1.4914847704930316,-0.05260480752484123
4.6054552836506595,1.4856431356314839,-1.0892218701285201,-0.14670950042400688,-3.1034111259059447,-0.027113167219422647,1.4914847804930316,-0.05260480752484123
4.6054554901007565,1.4856431356314839,-1.0892218701285201,-0.14670950042400688,-3.1034111259059447,-0.027113167219422647,1.4914847704930316,-0.05260479752484123
4.480347654873984,1.4883299203940756,-1.0876528450530796,-0.14650050966935882,-3.1114938283651754,-0.026679590570997957,1.5,-0.060020349991354006
4.480347624481612,1.4883299303940756,-1.0876528450530796,-0.14650050966935882,-3.1114938283651754,-0.026679590570997957,1.5,-0.060020349991354006
4.480347609754906,1.4883299203940756,-1.0876528350530796,-0.14650050966935882,-3.1114938283651754,-0.026679590570997957,1.5,-0.060020349991354006
4.480347651125316,1.4883299203940756,-1.0876528450530796,-0.14650049966935882,-3.1114938283651754,-0.026679590570997957,1.5,-0.060020349991354006
4.48034765344728,1.4883299203940756,-1.0876528450530796,-0.14650050966935882,-3.1114938183651755,-0.026679590570997957,1.5,-0.060020349991354006
4.480347654919388,1.4883299203940756,-1.0876528450530796,-0.14650050966935882,-3.1114938283651754,-0.026679580570997955,1.5,-0.060020349991354006
4.480347680441418,1.4883299203940756,-1.0876528450530796,-0.14650050966935882,-3.1114938283651754,-0.026679590570997957,1.49999999,-0.060020349991354006
4.480347746303081,1.4883299203940756,-1.0876528450530796,-0.14650050966935882,-3.1114938283651754,-0.026679590570997957,1.5,-0.060020339991354005
4.224917389261127,1.5200819697841044,-1.0932081638407583,-0.15027056770807823,-3.2194413056355704,-0.021388605521663655,1.5,-0.08418383911965617
4.22491734654104,1.5200819797841043,-1.0932081638407583,-0.15027056770807823,-3.2194413056355704,-0.021388605521663655,1.5,-0.08418383911965617
4.224917409421802,1.5200819697841044,-1.0932081538407583,-0.15027056770807823,-3.2194413056355704,-0.021388605521663655,1.5,-0.08418383911965617
4.2249173935380755,1.5200819697841044,-1.0932081638407583,-0.15027055770807823,-3.2194413056355704,-0.021388605521663655,1.5,-0.08418383911965617
4.224917399481729,1.5200819697841044,-1.0932081638407583,-0.15027056770807823,-3.2194412956355705,-0.021388605521663655,1.5,-0.08418383911965617
4.224917390442633,1.5200819697841044,-1.0932081638407583,-0.15027056770807823,-3.2194413056355704,-0.021388595521663653,1.5,-0.08418383911965617
4.224917370771721,1.5200819697841044,-1.0932081638407583,-0.15027056770807823,-3.2194413056355704,-0.021388605521663655,1.49999999,-0.08418383911965617
4.224917396856531,1.5200819697841044,-1.0932081638407583,-0.15027056770807823,-3.2194413056355704,-0.021388605521663655,1.5,-0.08418382911965618
7.2516523998685525,1.6470901673442193,-1.115429438991473,-0.16535079986295587,-3.6512312147171504,-0.00022466532432644654,1.5,-0.1808377956328648
7.251652321794878,1.6470901773442193,-1.115429438991473,-0.16535079986295587,-3.6512312147171504,-0.00022466532432644654,1.5,-0.1808377956328648
7.25165259771188,1.6470901673442193,-1.115429428991473,-0.16535079986295587,-3.6512312147171504,-0.00022466532432644654,1.5,-0.1808377956328648
7.251652423957596,1.6470901673442193,-1.115429438991473,-0.16535078986295587,-3.6512312147171504,-0.00022466532432644654,1.5,-0.1808377956328648
7.25165243915616,1.6470901673442193,-1.115429438991473,-0.16535079986295587,-3.6512312047171505,-0.00022466532432644654,1.5,-0.1808377956328648
7.251652401955493,1.6470901673442193,-1.115429438991473,-0.16535079986295587,-3.6512312147171504,-0.00022465532432644654,1.5,-0.1808377956328648
7.251652378641324,1.6470901673442193,-1.115429438991473,-0.16535079986295587,-3.6512312147171504,-0.00022466532432644654,1.49999999,-0.1808377956328648
7.251651067033647,1.6470901673442193,-1.115429438991473,-0.16535079986295587,-3.6512312147171504,-0.00022466532432644654,1.5,-0.18083778563286482
4.123924473514309,1.5429688985429062,-1.0972124466435547,-0.152988031664147,-3.2972500225354553,-0.017574854906686744,1.5,-0.10160092131962284
4.123924423874834,1.5429689085429061,-1.0972124466435547,-0.152988031664147,-3.2972500225354553,-0.017574854906686744,1.5,-0.10160092131962284
4.123924524503647,1.5429688985429062,-1.0972124366435547,-0.152988031664147,-3.2972500225354553,-0.017574854906686744,1.5,-0.10160092131962284
4.123924480441566,1.5429688985429062,-1.0972124466435547,-0.15298802166414702,-3.2972500225354553,-0.017574854906686744,1.5,-0.10160092131962284
4.123924487046167,1.5429688985429062,-1.0972124466435547,-0.152988031664147,-3.2972500125354554,-0.017574854906686744,1.5,-0.10160092131962284
4.1239244752643875,1.5429688985429062,-1.0972124466435547,-0.152988031664147,-3.2972500225354553,-0.017574844906686742,1.5,-0.10160092131962284
4.123924452063367,1.5429688985429062,-1.0972124466435547,-0.152988031664147,-3.2972500225354553,-0.017574854906686744,1.49999999,-0.10160092131962284
4.123924319061091,1.5429688985429062,-1.0972124466435547,-0.152988031664147,-3.2972500225354553,-0.017574854906686744,1.5,-0.10160091131962284
8.125983619268826,1.7013763551317582,-1.290387599412682,-0.16569957233141527,-4.1678274345028,0.025353501854114037,1.5,-0.10466953932223363
8.125983661469977,1.7013763651317582,-1.290387599412682,-0.16569957233141527,-4.1678274345028,0.025353501854114037,1.5,-0.10466953932223363
8.125983267648468,1.7013763551317582,-1.2903875894126822,-0.16569957233141527,-4.1678274345028,0.025353501854114037,1.5,-0.10466953932223363
8.125983577888187,1.7013763551317582,-1.290387599412682,-0.16569956233141528,-4.1678274345028,0.025353501854114037,1.5,-0.10466953932223363
8.125983573156718,1.7013763551317582,-1.290387599412682,-0.16569957233141527,-4.1678274245028,0.025353501854114037,1.5,-0.10466953932223363
8.12598361459338,1.7013763551317582,-1.290387599412682,-0.16569957233141527,-4.1678274345028,0.02535351185411404,1.5,-0.10466953932223363
8.125983750380996,1.7013763551317582,-1.290387599412682,-0.16569957233141527,-4.1678274345028,0.025353501854114037,1.49999999,-0.10466953932223363
8.125984630355148,1.7013763551317582,-1.290387599412682,-0.16569957233141527,-4.1678274345028,0.025353501854114037,1.5,-0.10466952932223364
3.777251359674948,1.5767556952484032,-1.138414860694707,-0.15569928181352208,-3.4829358650326476,-0.008418646644705872,1.5,-0.10225542821502827
3.7772513293846584,1.5767557052484031,-1.138414860694707,-0.15569928181352208,-3.4829358650326476,-0.008418646644705872,1.5,-0.10225542821502827
3.777251330063555,1.5767556952484032,-1.1384148506947072,-0.15569928181352208,-3.4829358650326476,-0.008418646644705872,1.5,-0.10225542821502827
3.7772513568695576,1.5767556952484032,-1.138414860694707,-0.15569927181352208,-3.4829358650326476,-0.008418646644705872,1.5,-0.10225542821502827
3.7772513619334935,1.5767556952484032,-1.138414860694707,-0.15569928181352208,-3.4829358550326477,-0.008418646644705872,1.5,-0.10225542821502827
3.777251360068283,1.5767556952484032,-1.138414860694707,-0.15569928181352208,-3.4829358650326476,-0.008418636644705872,1.5,-0.10225542821502827
3.7772513587835026,1.5767556952484032,-1.138414860694707,-0.15569928181352208,-3.4829358650326476,-0.008418646644705872,1.49999999,-0.10225542821502827
3.7772515655654386,1.5767556952484032,-1.138414860694707,-0.15569928181352208,-3.4829358650326476,-0.008418646644705872,1.5,-0.10225541821502827
14.81171473649451,1.9963952448860791,-1.4394696693711868,-0.19188136884000112,-5.358078695120005,0.08378881737880763,1.2142486831464618,-0.26676408877647007
14.811714766198515,1.996395254886079,-1.4394696693711868,-0.19188136884000112,-5.358078695120005,0.08378881737880763,1.2142486831464618,-0.26676408877647007
14.811714549164744,1.9963952448860791,-1.4394696593711869,-0.19188136884000112,-5.358078695120005,0.08378881737880763,1.2142486831464618,-0.26676408877647007
14.811714718685574,1.9963952448860791,-1.4394696693711868,-0.19188135884000113,-5.358078695120005,0.08378881737880763,1.2142486831464618,-0.26676408877647007
14.811714721750235,1.9963952448860791,-1.4394696693711868,-0.19188136884000112,-5.358078685120005,0.08378881737880763,1.2142486831464618,-0.26676408877647007
14.811714729142164,1.9963952448860791,-1.4394696693711868,-0.19188136884000112,-5.358078695120005,0.08378882737880762,1.2142486831464618,-0.26676408877647007
14.811714558410928,1.9963952448860791,-1.4394696693711868,-0.19188136884000112,-5.358078695120005,0.08378881737880763,1.2142486931464618,-0.26676408877647007
14.811714733052405,1.9963952448860791,-1.4394696693711868,-0.19188136884000112,-5.358078695120005,0.08378881737880763,1.2142486831464618,-0.26676407877647007
3.660009412521453,1.6116258887097366,-1.163431185848229,-0.1587058534665931,-3.638751953647828,-0.0007566135692843616,1.4762553274372805,-0.11592537144319935
3.6600093915625957,1.6116258987097365,-1.163431185848229,-0.1587058534665931,-3.638751953647828,-0.0007566135692843616,1.4762553274372805,-0.11592537144319935
3.6600093470923687,1.6116258887097366,-1.163431175848229,-0.1587058534665931,-3.638751953647828,-0.0007566135692843616,1.4762553274372805,-0.11592537144319935
3.6600094052250887,1.6116258887097366,-1.163431185848229,-0.1587058434665931,-3.638751953647828,-0.0007566135692843616,1.4762553274372805,-0.11592537144319935
3.660009409665056,1.6116258887097366,-1.163431185848229,-0.1587058534665931,-3.638751943647828,-0.0007566135692843616,1.4762553274372805,-0.11592537144319935
3.6600094121574838,1.6116258887097366,-1.163431185848229,-0.1587058534665931,-3.638751953647828,-0.0007566035692843615,1.4762553274372805,-0.11592537144319935
3.6600093893728025,1.6116258887097366,-1.163431185848229,-0.1587058534665931,-3.638751953647828,-0.0007566135692843616,1.4762553374372804,-0.11592537144319935
3.6600094690517793,1.6116258887097366,-1.163431185848229,-0.1587058534665931,-3.638751953647828,-0.0007566135692843616,1.4762553274372805,-0.11592536144319936
3.578085960532907,1.6189147797018524,-1.163034595948998,-0.15931776430663006,-3.6633792470478714,0.00047007571590279476,1.5,-0.12049630573640421
3.5780859365873106,1.6189147897018523,-1.163034595948998,-0.15931776430663006,-3.6633792470478714,0.00047007571590279476,1.5,-0.12049630573640421
3.5780859140391836,1.6189147797018524,-1.1630345859489981,-0.15931776430663006,-3.6633792470478714,0.00047007571590279476,1.5,-0.12049630573640421
3.578085955563558,1.6189147797018524,-1.163034595948998,-0.15931775430663006,-3.6633792470478714,0.00047007571590279476,1.5,-0.12049630573640421
3.578085960085966,1.6189147797018524,-1.163034595948998,-0.15931776430663006,-3.6633792370478715,0.00047007571590279476,1.5,-0.12049630573640421
3.5780859603943425,1.6189147797018524,-1.163034595948998,-0.15931776430663006,-3.6633792470478714,0.00047008571590279475,1.5,-0.12049630573640421
3.578085976170103,1.6189147797018524,-1.163034595948998,-0.15931776430663006,-3.6633792470478714,0.00047007571590279476,1.49999999,-0.12049630573640421
3.578085989691404,1.6189147797018524,-1.163034595948998,-0.15931776430663006,-3.6633792470478714,0.00047007571590279476,1.5,-0.12049629573640422
3.358442102752239,1.6718101824454348,-1.1377266371656205,-0.17628055677180957,-3.7572927059497596,0.00453396053017572,1.5,-0.13445091825185682
3.3584420739991,1.6718101924454347,-1.1377266371656205,-0.17628055677180957,-3.7572927059497596,0.00453396053017572,1.5,-0.13445091825185682
3.3584421043224895,1.6718101824454348,-1.1377266271656206,-0.17628055677180957,-3.7572927059497596,0.00453396053017572,1.5,-0.13445091825185682
3.3584421023692115,1.6718101824454348,-1.1377266371656205,-0.17628054677180957,-3.7572927059497596,0.00453396053017572,1.5,-0.13445091825185682
3.358442108049821,1.6718101824454348,-1.1377266371656205,-0.17628055677180957,-3.7572926959497597,0.00453396053017572,1.5,-0.13445091825185682
3.3584421026272615,1.6718101824454348,-1.1377266371656205,-0.17628055677180957,-3.7572927059497596,0.00453397053017572,1.5,-0.13445091825185682
3.358442100190238,1.6718101824454348,-1.1377266371656205,-0.17628055677180957,-3.7572927059497596,0.00453396053017572,1.49999999,-0.13445091825185682
3.358441952896789,1.6718101824454348,-1.1377266371656205,-0.17628055677180957,-3.7572927059497596,0.00453396053017572,1.5,-0.13445090825185682
3.3394033419760247,1.7402151632600773,-1.1593548063963195,-0.19655510181143954,-3.9737293780278238,0.014473051044881814,1.5,-0.13426207080241576
3.339403333934,1.7402151732600772,-1.1593548063963195,-0.19655510181143954,-3.9737293780278238,0.014473051044881814,1.5,-0.13426207080241576
3.3394032690889817,1.7402151632600773,-1.1593547963963196,-0.19655510181143954,-3.9737293780278238,0.014473051044881814,1.5,-0.13426207080241576
3.339403332012413,1.7402151632600773,-1.1593548063963195,-0.19655509181143954,-3.9737293780278238,0.014473051044881814,1.5,-0.13426207080241576
3.3394033346761622,1.7402151632600773,-1.1593548063963195,-0.19655510181143954,-3.973729368027824,0.014473051044881814,1.5,-0.13426207080241576
3.3394033403672454,1.7402151632600773,-1.1593548063963195,-0.19655510181143954,-3.9737293780278238,0.014473061044881814,1.5,-0.13426207080241576
3.3394033652817736,1.7402151632600773,-1.1593548063963195,-0.19655510181143954,-3.9737293780278238,0.014473051044881814,1.49999999,-0.13426207080241576
3.3394033823045866,1.7402151632600773,-1.1593548063963195,-0.19655510181143954,-3.9737293780278238,0.014473051044881814,1.5,-0.13426206080241576
3.1040556924762157,1.7629742223632845,-1.1196289540696787,-0.21031981906011055,-3.945056741980882,0.012703083861537973,1.5,-0.13471781323012183
3.104055677071048,1.7629742323632844,-1.1196289540696787,-0.21031981906011055,-3.945056741980882,0.012703083861537973,1.5,-0.13471781323012183
3.1040556610856065,1.7629742223632845,-1.1196289440696787,-0.21031981906011055,-3.945056741980882,0.012703083861537973,1.5,-0.13471781323012183
3.1040556884407513,1.7629742223632845,-1.1196289540696787,-0.21031980906011055,-3.945056741980882,0.012703083861537973,1.5,-0.13471781323012183
3.1040556910009807,1.7629742223632845,-1.1196289540696787,-0.21031981906011055,-3.9450567319808822,0.012703083861537973,1.5,-0.13471781323012183
3.104055691369089,1.7629742223632845,-1.1196289540696787,-0.21031981906011055,-3.945056741980882,0.012703093861537973,1.5,-0.13471781323012183
3.1040556997674162,1.7629742223632845,-1.1196289540696787,-0.21031981906011055,-3.945056741980882,0.012703083861537973,1.49999999,-0.13471781323012183
3.1040556377888926,1.7629742223632845,-1.1196289540696787,-0.21031981906011055,-3.945056741980882,0.012703083861537973,1.5,-0.13471780323012184
2.857064096329157,1.8574964626236352,-1.0442491304350932,-0.2547371596368617,-4.018644364039899,0.015244552969680497,1.5,-0.13278276585051582
2.857064079293614,1.8574964726236352,-1.0442491304350932,-0.2547371596368617,-4.018644364039899,0.015244552969680497,1.5,-0.13278276585051582
2.857064104218121,1.8574964626236352,-1.0442491204350932,-0.2547371596368617,-4.018644364039899,0.015244552969680497,1.5,-0.13278276585051582
2.857064098520113,1.8574964626236352,-1.0442491304350932,-0.2547371496368617,-4.018644364039899,0.015244552969680497,1.5,-0.13278276585051582
2.8570640985146465,1.8574964626236352,-1.0442491304350932,-0.2547371596368617,-4.018644354039899,0.015244552969680497,1.5,-0.13278276585051582
2.8570640953267,1.8574964626236352,-1.0442491304350932,-0.2547371596368617,-4.018644364039899,0.015244562969680497,1.5,-0.13278276585051582
2.857064081966469,1.8574964626236352,-1.0442491304350932,-0.2547371596368617,-4.018644364039899,0.015244552969680497,1.49999999,-0.13278276585051582
2.8570640407648,1.8574964626236352,-1.0442491304350932,-0.2547371596368617,-4.018644364039899,0.015244552969680497,1.5,-0.13278275585051583
2.6640204978341426,2.064680091489114,-0.8887677870839807,-0.34300468311499904,-4.184341879888682,0.022718463318534658,1.35084016130564,-0.13232186573498722
2.6640204864215673,2.064680101489114,-0.8887677870839807,-0.34300468311499904,-4.184341879888682,0.022718463318534658,1.35084016130564,-0.13232186573498722
2.6640205285184164,2.064680091489114,-0.8887677770839807,-0.34300468311499904,-4.184341879888682,0.022718463318534658,1.35084016130564,-0.13232186573498722
2.664020505173066,2.064680091489114,-0.8887677870839807,-0.34300467311499905,-4.184341879888682,0.022718463318534658,1.35084016130564,-0.13232186573498722
2.6640205009139075,2.064680091489114,-0.8887677870839807,-0.34300468311499904,-4.184341869888682,0.022718463318534658,1.35084016130564,-0.13232186573498722
2.664020496032697,2.064680091489114,-0.8887677870839807,-0.34300468311499904,-4.184341879888682,0.02271847331853466,1.35084016130564,-0.13232186573498722
2.664020494817975,2.064680091489114,-0.8887677870839807,-0.34300468311499904,-4.184341879888682,0.022718463318534658,1.35084017130564,-0.13232186573498722
2.6640201811390396,2.064680091489114,-0.8887677870839807,-0.34300468311499904,-4.184341879888682,0.022718463318534658,1.35084016130564,-0.13232185573498723
2.4508938447853397,2.1236700158936523,-0.8189542006383951,-0.3768501932578586,-4.1508393373665315,0.021204743498983637,1.2788148863516358,-0.11481925527063903
2.450893840816835,2.1236700258936523,-0.8189542006383951,-0.3768501932578586,-4.1508393373665315,0.021204743498983637,1.2788148863516358,-0.11481925527063903
2.450893866688424,2.1236700158936523,-0.818954190638395,-0.3768501932578586,-4.1508393373665315,0.021204743498983637,1.2788148863516358,-0.11481925527063903
2.4508938518909966,2.1236700158936523,-0.8189542006383951,-0.37685018325785863,-4.1508393373665315,0.021204743498983637,1.2788148863516358,-0.11481925527063903
2.45089384507226,2.1236700158936523,-0.8189542006383951,-0.3768501932578586,-4.150839327366532,0.021204743498983637,1.2788148863516358,-0.11481925527063903
2.4508938425580347,2.1236700158936523,-0.8189542006383951,-0.3768501932578586,-4.1508393373665315,0.02120475349898364,1.2788148863516358,-0.11481925527063903
2.4508938426825955,2.1236700158936523,-0.8189542006383951,-0.3768501932578586,-4.1508393373665315,0.021204743498983637,1.2788148963516357,-0.11481925527063903
2.4508938889830407,2.1236700158936523,-0.8189542006383951,-0.3768501932578586,-4.1508393373665315,0.021204743498983637,1.2788148863516358,-0.11481924527063904
2.5034256001672226,2.0556123996267535,-0.8977844411386282,-0.3419944739350656,-4.167059767099514,0.02225660709747973,1.3664873713815824,-0.12117834201254296
2.5034255953967506,2.0556124096267534,-0.8977844411386282,-0.3419944739350656,-4.167059767099514,0.02225660709747973,1.3664873713815824,-0.12117834201254296
2.5034256064582365,2.0556123996267535,-0.8977844311386282,-0.3419944739350656,-4.167059767099514,0.02225660709747973,1.3664873713815824,-0.12117834201254296
2.503425604075374,2.0556123996267535,-0.8977844411386282,-0.3419944639350656,-4.167059767099514,0.02225660709747973,1.3664873713815824,-0.12117834201254296
2.503425598977556,2.0556123996267535,-0.8977844411386282,-0.3419944739350656,-4.167059757099514,0.02225660709747973,1.3664873713815824,-0.12117834201254296
2.5034255980765012,2.0556123996267535,-0.8977844411386282,-0.3419944739350656,-4.167059767099514,0.022256617097479732,1.3664873713815824,-0.12117834201254296
2.503425611409992,2.0556123996267535,-0.8977844411386282,-0.3419944739350656,-4.167059767099514,0.02225660709747973,1.3664873813815823,-0.12117834201254296
2.503425569698718,2.0556123996267535,-0.8977844411386282,-0.3419944739350656,-4.167059767099514,0.02225660709747973,1.3664873713815824,-0.12117833201254297
2.44421401269393,2.1054957516573105,-0.8400052115208085,-0.36754224085124004,-4.155170878671742,0.02148563560229633,1.302227150791552,-0.11651740059350704
2.444214008254768,2.1054957616573104,-0.8400052115208085,-0.36754224085124004,-4.155170878671742,0.02148563560229633,1.302227150791552,-0.11651740059350704
2.44421403079134,2.1054957516573105,-0.8400052015208085,-0.36754224085124004,-4.155170878671742,0.02148563560229633,1.302227150791552,-0.11651740059350704
2.4442140189520614,2.1054957516573105,-0.8400052115208085,-0.36754223085124005,-4.155170878671742,0.02148563560229633,1.302227150791552,-0.11651740059350704
2.444214012622284,2.1054957516573105,-0.8400052115208085,-0.36754224085124004,-4.155170868671742,0.02148563560229633,1.302227150791552,-0.11651740059350704
2.4442140105229964,2.1054957516573105,-0.8400052115208085,-0.36754224085124004,-4.155170878671742,0.021485645602296332,1.302227150791552,-0.11651740059350704
2.4442140240641104,2.1054957516573105,-0.8400052115208085,-0.36754224085124004,-4.155170878671742,0.02148563560229633,1.3022271607915519,-0.11651740059350704
2.4442139879097144,2.1054957516573105,-0.8400052115208085,-0.36754224085124004,-4.155170878671742,0.02148563560229633,1.302227150791552,-0.11651739059350705
2.4308142626549256,2.0847270822097923,-0.8572874667232779,-0.35841734182155244,-4.13683064932886,0.021009202327119295,1.2924414691557997,-0.11658529206513435
2.4308142594795976,2.0847270922097922,-0.8572874667232779,-0.35841734182155244,-4.13683064932886,0.021009202327119295,1.2924414691557997,-0.11658529206513435
2.4308142668240205,2.0847270822097923,-0.8572874567232779,-0.35841734182155244,-4.13683064932886,0.021009202327119295,1.2924414691557997,-0.11658529206513435
2.4308142668123223,2.0847270822097923,-0.8572874667232779,-0.35841733182155244,-4.13683064932886,0.021009202327119295,1.2924414691557997,-0.11658529206513435
2.4308142610767067,2.0847270822097923,-0.8572874667232779,-0.35841734182155244,-4.13683063932886,0.021009202327119295,1.2924414691557997,-0.11658529206513435
2.4308142603902114,2.0847270822097923,-0.8572874667232779,-0.35841734182155244,-4.13683064932886,0.021009212327119296,1.2924414691557997,-0.11658529206513435
2.4308142639635157,2.0847270822097923,-0.8572874667232779,-0.35841734182155244,-4.13683064932886,0.021009202327119295,1.2924414791557997,-0.11658529206513435
2.4308142294127917,2.0847270822097923,-0.8572874667232779,-0.35841734182155244,-4.13683064932886,0.021009202327119295,1.2924414691557997,-0.11658528206513435
2.4255081703593095,2.0866918275275887,-0.8570876413967711,-0.3624799223647798,-4.1246351923514855,0.022181304903972573,1.289779605739054,-0.11540877343831754
2.425508167852477,2.0866918375275887,-0.8570876413967711,-0.3624799223647798,-4.1246351923514855,0.022181304903972573,1.289779605739054,-0.11540877343831754
2.425508171202251,2.0866918275275887,-0.857087631396771,-0.3624799223647798,-4.1246351923514855,0.022181304903972573,1.289779605739054,-0.11540877343831754
2.425508174065529,2.0866918275275887,-0.8570876413967711,-0.36247991236477983,-4.1246351923514855,0.022181304903972573,1.289779605739054,-0.11540877343831754
2.4255081682338693,2.0866918275275887,-0.8570876413967711,-0.3624799223647798,-4.1246351823514855,0.022181304903972573,1.289779605739054,-0.11540877343831754
2.4255081680528847,2.0866918275275887,-0.8570876413967711,-0.3624799223647798,-4.1246351923514855,0.022181314903972574,1.289779605739054,-0.11540877343831754
2.425508173613591,2.0866918275275887,-0.8570876413967711,-0.3624799223647798,-4.1246351923514855,0.022181304903972573,1.289779615739054,-0.11540877343831754
2.42550822498393,2.0866918275275887,-0.8570876413967711,-0.3624799223647798,-4.1246351923514855,0.022181304903972573,1.289779605739054,-0.11540876343831755
2.4234303505358867,2.1078070720830535,-0.8445942076716848,-0.3766863972678433,-4.121665173914252,0.025141255526111534,1.2757967349681614,-0.11492146315000185
2.4234303492614004,2.1078070820830535,-0.8445942076716848,-0.3766863972678433,-4.121665173914252,0.025141255526111534,1.2757967349681614,-0.11492146315000185
2.4234303515123132,2.1078070720830535,-0.8445941976716848,-0.3766863972678433,-4.121665173914252,0.025141255526111534,1.2757967349681614,-0.11492146315000185
2.4234303544863494,2.1078070720830535,-0.8445942076716848,-0.3766863872678433,-4.121665173914252,0.025141255526111534,1.2757967349681614,-0.11492146315000185
2.423430348244303,2.1078070720830535,-0.8445942076716848,-0.3766863972678433,-4.121665163914252,0.025141255526111534,1.2757967349681614,-0.11492146315000185
2.423430348125379,2.1078070720830535,-0.8445942076716848,-0.3766863972678433,-4.121665173914252,0.025141265526111536,1.2757967349681614,-0.11492146315000185
2.4234303390228513,2.1078070720830535,-0.8445942076716848,-0.3766863972678433,-4.121665173914252,0.025141255526111534,1.2757967449681613,-0.11492146315000185
2.423430436849161,2.1078070720830535,-0.8445942076716848,-0.3766863972678433,-4.121665173914252,0.025141255526111534,1.2757967349681614,-0.11492145315000185
2.4195353156697177,2.097628412234865,-0.8506167006572386,-0.3698381282222127,-4.123096879208313,0.02371440344911823,1.2825372150466297,-0.11515637237173777
2.4195353136971045,2.097628422234865,-0.8506167006572386,-0.3698381282222127,-4.123096879208313,0.02371440344911823,1.2825372150466297,-0.11515637237173777
2.4195353168846387,2.097628412234865,-0.8506166906572385,-0.3698381282222127,-4.123096879208313,0.02371440344911823,1.2825372150466297,-0.11515637237173777
2.419535319501298,2.097628412234865,-0.8506167006572386,-0.3698381182222127,-4.123096879208313,0.02371440344911823,1.2825372150466297,-0.11515637237173777
2.419535313536704,2.097628412234865,-0.8506167006572386,-0.3698381282222127,-4.123096869208313,0.02371440344911823,1.2825372150466297,-0.11515637237173777
2.4195353133105226,2.097628412234865,-0.8506167006572386,-0.3698381282222127,-4.123096879208313,0.023714413449118232,1.2825372150466297,-0.11515637237173777
2.419535315044504,2.097628412234865,-0.8506167006572386,-0.3698381282222127,-4.123096879208313,0.02371440344911823,1.2825372250466296,-0.11515637237173777
2.4195353286528616,2.097628412234865,-0.8506167006572386,-0.3698381282222127,-4.123096879208313,0.02371440344911823,1.2825372150466297,-0.11515636237173778
2.4449034069026885,2.140820565255263,-0.8249777781238201,-0.40357611492271744,-4.094574247904234,0.031202627345989414,1.2561590482488176,-0.11301653562931138
2.444903407161537,2.140820575255263,-0.8249777781238201,-0.40357611492271744,-4.094574247904234,0.031202627345989414,1.2561590482488176,-0.11301653562931138
2.444903408361067,2.140820565255263,-0.8249777681238201,-0.40357611492271744,-4.094574247904234,0.031202627345989414,1.2561590482488176,-0.11301653562931138
2.4449034111833186,2.140820565255263,-0.8249777781238201,-0.40357610492271745,-4.094574247904234,0.031202627345989414,1.2561590482488176,-0.11301653562931138
2.4449034043325266,2.140820565255263,-0.8249777781238201,-0.40357611492271744,-4.094574237904234,0.031202627345989414,1.2561590482488176,-0.11301653562931138
2.4449034043234095,2.140820565255263,-0.8249777781238201,-0.40357611492271744,-4.094574247904234,0.031202637345989416,1.2561590482488176,-0.11301653562931138
2.444903393992589,2.140820565255263,-0.8249777781238201,-0.40357611492271744,-4.094574247904234,0.031202627345989414,1.2561590582488176,-0.11301653562931138
2.4449034932096265,2.140820565255263,-0.8249777781238201,-0.40357611492271744,-4.094574247904234,0.031202627345989414,1.2561590482488176,-0.11301652562931139
2.421201809817685,2.103667477284224,-0.8470319031848443,-0.3745553252608167,-4.119108885700722,0.02476139620254759,1.2788490574986697,-0.11485718345942728
2.4212018083117677,2.103667487284224,-0.8470319031848443,-0.3745553252608167,-4.119108885700722,0.02476139620254759,1.2788490574986697,-0.11485718345942728
2.4212018108669366,2.103667477284224,-0.8470318931848443,-0.3745553252608167,-4.119108885700722,0.02476139620254759,1.2788490574986697,-0.11485718345942728
2.4212018137419165,2.103667477284224,-0.8470319031848443,-0.3745553152608167,-4.119108885700722,0.02476139620254759,1.2788490574986697,-0.11485718345942728
2.421201807576299,2.103667477284224,-0.8470319031848443,-0.3745553252608167,-4.119108875700722,0.02476139620254759,1.2788490574986697,-0.11485718345942728
2.4212018074337154,2.103667477284224,-0.8470319031848443,-0.3745553252608167,-4.119108885700722,0.024761406202547593,1.2788490574986697,-0.11485718345942728
2.4212017987005225,2.103667477284224,-0.8470319031848443,-0.3745553252608167,-4.119108885700722,0.02476139620254759,1.2788490674986697,-0.11485718345942728
2.4212018975664,2.103667477284224,-0.8470319031848443,-0.3745553252608167,-4.119108885700722,0.02476139620254759,1.2788490574986697,-0.11485717345942728
2.418910602970491,2.0989745364693615,-0.8498176394260861,-0.370889604435941,-4.1222079444702855,0.023947781017866696,1.2817151145699215,-0.11508968233904861
2.4189106010497436,2.0989745464693614,-0.8498176394260861,-0.370889604435941,-4.1222079444702855,0.023947781017866696,1.2817151145699215,-0.11508968233904861
2.4189106042257906,2.0989745364693615,-0.8498176294260861,-0.370889604435941,-4.1222079444702855,0.023947781017866696,1.2817151145699215,-0.11508968233904861
2.418910606816624,2.0989745364693615,-0.8498176394260861,-0.370889594435941,-4.1222079444702855,0.023947781017866696,1.2817151145699215,-0.11508968233904861
2.4189106008315377,2.0989745364693615,-0.8498176394260861,-0.370889604435941,-4.1222079344702856,0.023947781017866696,1.2817151145699215,-0.11508968233904861
2.418910600606086,2.0989745364693615,-0.8498176394260861,-0.370889604435941,-4.1222079444702855,0.023947791017866697,1.2817151145699215,-0.11508968233904861
2.4189106016371467,2.0989745364693615,-0.8498176394260861,-0.370889604435941,-4.1222079444702855,0.023947781017866696,1.2817151245699214,-0.11508968233904861
2.418910630005045,2.0989745364693615,-0.8498176394260861,-0.370889604435941,-4.1222079444702855,0.023947781017866696,1.2817151145699215,-0.11508967233904861
2.4151786657942216,2.117153716744551,-0.8406793873196832,-0.38445013862905514,-4.116738626143922,0.02727428588432243,1.2783842381680237,-0.11496461816391006
2.415178664304562,2.117153726744551,-0.8406793873196832,-0.38445013862905514,-4.116738626143922,0.02727428588432243,1.2783842381680237,-0.11496461816391006
2.4151786698879567,2.117153716744551,-0.8406793773196831,-0.38445013862905514,-4.116738626143922,0.02727428588432243,1.2783842381680237,-0.11496461816391006
2.415178670201293,2.117153716744551,-0.8406793873196832,-0.38445012862905514,-4.116738626143922,0.02727428588432243,1.2783842381680237,-0.11496461816391006
2.415178663842243,2.117153716744551,-0.8406793873196832,-0.38445013862905514,-4.116738616143922,0.02727428588432243,1.2783842381680237,-0.11496461816391006
2.4151786634026102,2.117153716744551,-0.8406793873196832,-0.38445013862905514,-4.116738626143922,0.027274295884322432,1.2783842381680237,-0.11496461816391006
2.4151786558918715,2.117153716744551,-0.8406793873196832,-0.38445013862905514,-4.116738626143922,0.02727428588432243,1.2783842481680237,-0.11496461816391006
2.4151787478680724,2.117153716744551,-0.8406793873196832,-0.38445013862905514,-4.116738626143922,0.02727428588432243,1.2783842381680237,-0.11496460816391006
2.4012364961129467,2.1533568704722206,-0.8258602465273089,-0.41305922776010456,-4.104006188505435,0.03504494299291053,1.2799005154755856,-0.11507328735584035
2.401236494822152,2.1533568804722205,-0.8258602465273089,-0.41305922776010456,-4.104006188505435,0.03504494299291053,1.2799005154755856,-0.11507328735584035
2.4012365072976802,2.1533568704722206,-0.8258602365273089,-0.41305922776010456,-4.104006188505435,0.03504494299291053,1.2799005154755856,-0.11507328735584035
2.4012365016352977,2.1533568704722206,-0.8258602465273089,-0.41305921776010457,-4.104006188505435,0.03504494299291053,1.2799005154755856,-0.11507328735584035
2.401236494786004,2.1533568704722206,-0.8258602465273089,-0.41305922776010456,-4.104006178505435,0.03504494299291053,1.2799005154755856,-0.11507328735584035
2.401236493699466,2.1533568704722206,-0.8258602465273089,-0.41305922776010456,-4.104006188505435,0.03504495299291053,1.2799005154755856,-0.11507328735584035
2.40123648963383,2.1533568704722206,-0.8258602465273089,-0.41305922776010456,-4.104006188505435,0.03504494299291053,1.2799005254755855,-0.11507328735584035
2.401236565843459,2.1533568704722206,-0.8258602465273089,-0.41305922776010456,-4.104006188505435,0.03504494299291053,1.2799005154755856,-0.11507327735584036
2.3529256438367128,2.2062769730939,-0.8144281207585161,-0.47661777456032506,-3.99910090542405,0.055202784750464334,1.2803802479718303,-0.11544180883863514
2.352925637895849,2.2062769830939,-0.8144281207585161,-0.47661777456032506,-3.99910090542405,0.055202784750464334,1.2803802479718303,-0.11544180883863514
2.3529256735674537,2.2062769730939,-0.8144281107585161,-0.47661777456032506,-3.99910090542405,0.055202784750464334,1.2803802479718303,-0.11544180883863514
2.3529256514252928,2.2062769730939,-0.8144281207585161,-0.47661776456032506,-3.99910090542405,0.055202784750464334,1.2803802479718303,-0.11544180883863514
2.3529256458876064,2.2062769730939,-0.8144281207585161,-0.47661777456032506,-3.99910089542405,0.055202784750464334,1.2803802479718303,-0.11544180883863514
2.3529256418219417,2.2062769730939,-0.8144281207585161,-0.47661777456032506,-3.99910090542405,0.055202794750464336,1.2803802479718303,-0.11544180883863514
2.352925652939126,2.2062769730939,-0.8144281207585161,-0.47661777456032506,-3.99910090542405,0.055202784750464334,1.2803802579718302,-0.11544180883863514
2.352925574492537,2.2062769730939,-0.8144281207585161,-0.47661777456032506,-3.99910090542405,0.055202784750464334,1.2803802479718303,-0.11544179883863515
2.307687380746794,2.3548781617105066,-0.8008408624568639,-0.6657233578889599,-3.6758245885044434,0.1184178217166407,1.2725938423332253,-0.11606208026316024
2.3076873741078368,2.3548781717105065,-0.8008408624568639,-0.6657233578889599,-3.6758245885044434,0.1184178217166407,1.2725938423332253,-0.11606208026316024
2.3076874397638565,2.3548781617105066,-0.8008408524568639,-0.6657233578889599,-3.6758245885044434,0.1184178217166407,1.2725938423332253,-0.11606208026316024
2.3076873910949973,2.3548781617105066,-0.8008408624568639,-0.6657233478889598,-3.6758245885044434,0.1184178217166407,1.2725938423332253,-0.11606208026316024
2.3076873891520413,2.3548781617105066,-0.8008408624568639,-0.6657233578889599,-3.6758245785044434,0.1184178217166407,1.2725938423332253,-0.11606208026316024
2.3076873796158797,2.3548781617105066,-0.8008408624568639,-0.6657233578889599,-3.6758245885044434,0.11841783171664069,1.2725938423332253,-0.11606208026316024
2.30768738911891,2.3548781617105066,-0.8008408624568639,-0.6657233578889599,-3.6758245885044434,0.1184178217166407,1.2725938523332252,-0.11606208026316024
2.3076872131832493,2.3548781617105066,-0.8008408624568639,-0.6657233578889599,-3.6758245885044434,0.1184178217166407,1.2725938423332253,-0.11606207026316025
2.2142352691126157,2.3269380570040417,-0.8329171852748468,-0.6642363787173751,-3.617980980097685,0.12270777152533824,1.2740711203864863,-0.11608880345924723
2.2142352632215783,2.3269380670040416,-0.8329171852748468,-0.6642363787173751,-3.617980980097685,0.12270777152533824,1.2740711203864863,-0.11608880345924723
2.2142353053912864,2.3269380570040417,-0.8329171752748468,-0.6642363787173751,-3.617980980097685,0.12270777152533824,1.2740711203864863,-0.11608880345924723
2.2142352760564386,2.3269380570040417,-0.8329171852748468,-0.664236368717375,-3.617980980097685,0.12270777152533824,1.2740711203864863,-0.11608880345924723
2.2142352741782547,2.3269380570040417,-0.8329171852748468,-0.6642363787173751,-3.617980970097685,0.12270777152533824,1.2740711203864863,-0.11608880345924723
2.2142352677386596,2.3269380570040417,-0.8329171852748468,-0.6642363787173751,-3.617980980097685,0.12270778152533823,1.2740711203864863,-0.11608880345924723
2.2142352699025976,2.3269380570040417,-0.8329171852748468,-0.6642363787173751,-3.617980980097685,0.12270777152533824,1.2740711303864862,-0.11608880345924723
2.2142351762205,2.3269380570040417,-0.8329171852748468,-0.6642363787173751,-3.617980980097685,0.12270777152533824,1.2740711203864863,-0.11608879345924723
2.1443938742829856,2.3701322336319826,-0.8915885986532687,-0.7805042535610802,-3.3228066701944567,0.17197857432476674,1.2786991440983313,-0.11650921785766558
2.1443938693485998,2.3701322436319825,-0.8915885986532687,-0.7805042535610802,-3.3228066701944567,0.17197857432476674,1.2786991440983313,-0.11650921785766558
2.1443938756582837,2.3701322336319826,-0.8915885886532686,-0.7805042535610802,-3.3228066701944567,0.17197857432476674,1.2786991440983313,-0.11650921785766558
2.144393875004311,2.3701322336319826,-0.8915885986532687,-0.7805042435610802,-3.3228066701944567,0.17197857432476674,1.2786991440983313,-0.11650921785766558
2.1443938765149153,2.3701322336319826,-0.8915885986532687,-0.7805042535610802,-3.322806660194457,0.17197857432476674,1.2786991440983313,-0.11650921785766558
2.1443938728733714,2.3701322336319826,-0.8915885986532687,-0.7805042535610802,-3.3228066701944567,0.17197858432476673,1.2786991440983313,-0.11650921785766558
2.1443938663275413,2.3701322336319826,-0.8915885986532687,-0.7805042535610802,-3.3228066701944567,0.17197857432476674,1.2786991540983312,-0.11650921785766558
2.14439375944754,2.3701322336319826,-0.8915885986532687,-0.7805042535610802,-3.3228066701944567,0.17197857432476674,1.2786991440983313,-0.11650920785766558
2.1034788448437105,2.424567715639604,-0.8756139214976263,-0.80148958600523,-3.4034526687028044,0.17856086526163295,1.2875357259765807,-0.11654469905149711
2.1034788416796224,2.424567725639604,-0.8756139214976263,-0.80148958600523,-3.4034526687028044,0.17856086526163295,1.2875357259765807,-0.11654469905149711
2.1034788489291105,2.424567715639604,-0.8756139114976262,-0.80148958600523,-3.4034526687028044,0.17856086526163295,1.2875357259765807,-0.11654469905149711
2.1034788460722664,2.424567715639604,-0.8756139214976263,-0.80148957600523,-3.4034526687028044,0.17856086526163295,1.2875357259765807,-0.11654469905149711
2.103478847027675,2.424567715639604,-0.8756139214976263,-0.80148958600523,-3.4034526587028044,0.17856086526163295,1.2875357259765807,-0.11654469905149711
2.1034788433741296,2.424567715639604,-0.8756139214976263,-0.80148958600523,-3.4034526687028044,0.17856087526163295,1.2875357259765807,-0.11654469905149711
2.10347883967556,2.424567715639604,-0.8756139214976263,-0.80148958600523,-3.4034526687028044,0.17856086526163295,1.2875357359765807,-0.11654469905149711
2.103478732119528,2.424567715639604,-0.8756139214976263,-0.80148958600523,-3.4034526687028044,0.17856086526163295,1.2875357259765807,-0.11654468905149712
2.029889953355627,2.540390470564064,-0.8423730470427837,-0.8455690666301712,-3.6408549702666724,0.20602188187835582,1.3151987152213538,-0.11625380746261986
2.0298899503338066,2.540390480564064,-0.8423730470427837,-0.8455690666301712,-3.6408549702666724,0.20602188187835582,1.3151987152213538,-0.11625380746261986
2.0298899548344833,2.540390470564064,-0.8423730370427837,-0.8455690666301712,-3.6408549702666724,0.20602188187835582,1.3151987152213538,-0.11625380746261986
2.0298899546290716,2.540390470564064,-0.8423730470427837,-0.8455690566301711,-3.6408549702666724,0.20602188187835582,1.3151987152213538,-0.11625380746261986
2.0298899539267232,2.540390470564064,-0.8423730470427837,-0.8455690666301712,-3.6408549602666724,0.20602188187835582,1.3151987152213538,-0.11625380746261986
2.0298899515961306,2.540390470564064,-0.8423730470427837,-0.8455690666301712,-3.6408549702666724,0.20602189187835582,1.3151987152213538,-0.11625380746261986
2.0298899546988487,2.540390470564064,-0.8423730470427837,-0.8455690666301712,-3.6408549702666724,0.20602188187835582,1.3151987252213537,-0.11625380746261986
2.029889913243772,2.540390470564064,-0.8423730470427837,-0.8455690666301712,-3.6408549702666724,0.20602188187835582,1.3151987152213538,-0.11625379746261987
1.9050774371083814,2.8503287599539147,-0.7910661841271499,-1.060526779473435,-3.839612166693,0.30445388745930724,1.3633204627731796,-0.11612579373394036
1.905077431256144,2.8503287699539146,-0.7910661841271499,-1.060526779473435,-3.839612166693,0.30445388745930724,1.3633204627731796,-0.11612579373394036
1.9050774487247484,2.8503287599539147,-0.7910661741271499,-1.060526779473435,-3.839612166693,0.30445388745930724,1.3633204627731796,-0.11612579373394036
1.9050774373945936,2.8503287599539147,-0.7910661841271499,-1.060526769473435,-3.839612166693,0.30445388745930724,1.3633204627731796,-0.11612579373394036
1.9050774378193283,2.8503287599539147,-0.7910661841271499,-1.060526779473435,-3.839612156693,0.30445388745930724,1.3633204627731796,-0.11612579373394036
1.9050774353166195,2.8503287599539147,-0.7910661841271499,-1.060526779473435,-3.839612166693,0.30445389745930723,1.3633204627731796,-0.11612579373394036
1.9050774464956095,2.8503287599539147,-0.7910661841271499,-1.060526779473435,-3.839612166693,0.30445388745930724,1.3633204727731796,-0.11612579373394036
1.9050773550970663,2.8503287599539147,-0.7910661841271499,-1.060526779473435,-3.839612166693,0.30445388745930724,1.3633204627731796,-0.11612578373394036
4.029363193441637,6.662649796468614,-0.3219405628255109,-3.9863704197130008,-5.141054224089166,1.6132326319001118,1.5,-0.10691742697676371
4.0293631969704675,6.662649806468614,-0.3219405628255109,-3.9863704197130008,-5.141054224089166,1.6132326319001118,1.5,-0.10691742697676371
4.029363052644269,6.662649796468614,-0.32194055282551093,-3.9863704197130008,-5.141054224089166,1.6132326319001118,1.5,-0.10691742697676371
4.029363163837761,6.662649796468614,-0.3219405628255109,-3.986370409713001,-5.141054224089166,1.6132326319001118,1.5,-0.10691742697676371
4.029363176945436,6.662649796468614,-0.3219405628255109,-3.9863704197130008,-5.141054214089166,1.6132326319001118,1.5,-0.10691742697676371
4.029363192354905,6.662649796468614,-0.3219405628255109,-3.9863704197130008,-5.141054224089166,1.6132326419001117,1.5,-0.10691742697676371
4.029363227088413,6.662649796468614,-0.3219405628255109,-3.9863704197130008,-5.141054224089166,1.6132326319001118,1.49999999,-0.10691742697676371
4.029363496345161,6.662649796468614,-0.3219405628255109,-3.9863704197130008,-5.141054224089166,1.6132326319001118,1.5,-0.10691741697676371
1.8321874627279553,3.645213392013905,-0.6932515606191619,-1.670577224638226,-4.110968193909036,0.5773396441304857,1.3918187090168894,-0.11420581135272319
1.8321874600822545,3.645213402013905,-0.6932515606191619,-1.670577224638226,-4.110968193909036,0.5773396441304857,1.3918187090168894,-0.11420581135272319
1.8321874277831287,3.645213392013905,-0.6932515506191619,-1.670577224638226,-4.110968193909036,0.5773396441304857,1.3918187090168894,-0.11420581135272319
1.8321874544388592,3.645213392013905,-0.6932515606191619,-1.670577214638226,-4.110968193909036,0.5773396441304857,1.3918187090168894,-0.11420581135272319
1.8321874573986363,3.645213392013905,-0.6932515606191619,-1.670577224638226,-4.110968183909036,0.5773396441304857,1.3918187090168894,-0.11420581135272319
1.8321874611051443,3.645213392013905,-0.6932515606191619,-1.670577224638226,-4.110968193909036,0.5773396541304857,1.3918187090168894,-0.11420581135272319
1.8321874499266464,3.645213392013905,-0.6932515606191619,-1.670577224638226,-4.110968193909036,0.5773396441304857,1.3918187190168894,-0.11420581135272319
1.8321874950427381,3.645213392013905,-0.6932515606191619,-1.670577224638226,-4.110968193909036,0.5773396441304857,1.3918187090168894,-0.1142058013527232
2.626793759199022,5.106911501398355,-0.5379414858622805,-2.9405101181365154,-3.9673618172282543,1.1226947140097894,1.5,-0.09369180600906607
2.6267937599241007,5.106911511398355,-0.5379414858622805,-2.9405101181365154,-3.9673618172282543,1.1226947140097894,1.5,-0.09369180600906607
2.6267937203573783,5.106911501398355,-0.5379414758622805,-2.9405101181365154,-3.9673618172282543,1.1226947140097894,1.5,-0.09369180600906607
2.6267937457989006,5.106911501398355,-0.5379414858622805,-2.9405101081365155,-3.9673618172282543,1.1226947140097894,1.5,-0.09369180600906607
2.6267937582299465,5.106911501398355,-0.5379414858622805,-2.9405101181365154,-3.9673618072282544,1.1226947140097894,1.5,-0.09369180600906607
2.6267937596285837,5.106911501398355,-0.5379414858622805,-2.9405101181365154,-3.9673618172282543,1.1226947240097893,1.5,-0.09369180600906607
2.62679375280563,5.106911501398355,-0.5379414858622805,-2.9405101181365154,-3.9673618172282543,1.1226947140097894,1.49999999,-0.09369180600906607
2.62679381934992,5.106911501398355,-0.5379414858622805,-2.9405101181365154,-3.9673618172282543,1.1226947140097894,1.5,-0.09369179600906608
1.8276346076491308,3.715600257261312,-0.6857727322391479,-1.7317297942926784,-4.1040529474438445,0.6036007671141843,1.3970280897377316,-0.11321797636782563
1.8276346053004517,3.715600267261312,-0.6857727322391479,-1.7317297942926784,-4.1040529474438445,0.6036007671141843,1.3970280897377316,-0.11321797636782563
1.8276345724611884,3.715600257261312,-0.6857727222391479,-1.7317297942926784,-4.1040529474438445,0.6036007671141843,1.3970280897377316,-0.11321797636782563
1.8276345990954659,3.715600257261312,-0.6857727322391479,-1.7317297842926784,-4.1040529474438445,0.6036007671141843,1.3970280897377316,-0.11321797636782563
1.8276346025155417,3.715600257261312,-0.6857727322391479,-1.7317297942926784,-4.104052937443845,0.6036007671141843,1.3970280897377316,-0.11321797636782563
1.827634606160773,3.715600257261312,-0.6857727322391479,-1.7317297942926784,-4.1040529474438445,0.6036007771141844,1.3970280897377316,-0.11321797636782563
1.8276345940162972,3.715600257261312,-0.6857727322391479,-1.7317297942926784,-4.1040529474438445,0.6036007671141843,1.3970280997377316,-0.11321797636782563
1.8276346431630366,3.715600257261312,-0.6857727322391479,-1.7317297942926784,-4.1040529474438445,0.6036007671141843,1.3970280897377316,-0.11321796636782563
1.8570904206003078,3.8547805548549,-0.6623030893941579,-1.8428856777076887,-4.120610915993095,0.6523509003536843,1.5,-0.11098672663992294
1.8570904197528701,3.8547805648549,-0.6623030893941579,-1.8428856777076887,-4.120610915993095,0.6523509003536843,1.5,-0.11098672663992294
1.8570904381573012,3.8547805548549,-0.6623030793941579,-1.8428856777076887,-4.120610915993095,0.6523509003536843,1.5,-0.11098672663992294
1.8570904191756783,3.8547805548549,-0.6623030893941579,-1.8428856677076888,-4.120610915993095,0.6523509003536843,1.5,-0.11098672663992294
1.8570904232184737,3.8547805548549,-0.6623030893941579,-1.8428856777076887,-4.120610905993095,0.6523509003536843,1.5,-0.11098672663992294
1.8570904200389413,3.8547805548549,-0.6623030893941579,-1.8428856777076887,-4.120610915993095,0.6523509103536843,1.5,-0.11098672663992294
1.857090399676933,3.8547805548549,-0.6623030893941579,-1.8428856777076887,-4.120610915993095,0.6523509003536843,1.49999999,-0.11098672663992294
1.8570903961464547,3.8547805548549,-0.6623030893941579,-1.8428856777076887,-4.120610915993095,0.6523509003536843,1.5,-0.11098671663992295
1.7904280249085125,3.7759906741595333,-0.675589239745117,-1.779960400608265,-4.111237460201511,0.6247534799699503,1.4417076650588228,-0.11224983573584085
1.7904280232341439,3.775990684159533,-0.675589239745117,-1.779960400608265,-4.111237460201511,0.6247534799699503,1.4417076650588228,-0.11224983573584085
1.7904280121842402,3.7759906741595333,-0.6755892297451169,-1.779960400608265,-4.111237460201511,0.6247534799699503,1.4417076650588228,-0.11224983573584085
1.7904280194215971,3.7759906741595333,-0.675589239745117,-1.779960390608265,-4.111237460201511,0.6247534799699503,1.4417076650588228,-0.11224983573584085
1.7904280231213776,3.7759906741595333,-0.675589239745117,-1.779960400608265,-4.111237450201511,0.6247534799699503,1.4417076650588228,-0.11224983573584085
1.790428023833177,3.7759906741595333,-0.675589239745117,-1.779960400608265,-4.111237460201511,0.6247534899699504,1.4417076650588228,-0.11224983573584085
1.7904280246217916,3.7759906741595333,-0.675589239745117,-1.779960400608265,-4.111237460201511,0.6247534799699503,1.4417076750588227,-0.11224983573584085
1.7904280073806176,3.7759906741595333,-0.675589239745117,-1.779960400608265,-4.111237460201511,0.6247534799699503,1.4417076650588228,-0.11224982573584086
1.7697191339092804,3.5931072920679417,-0.6911632048259851,-1.6408834819723006,-4.026651620802715,0.5603434241849801,1.4278560471850252,-0.11188790610979515
1.7697191316679488,3.5931073020679416,-0.6911632048259851,-1.6408834819723006,-4.026651620802715,0.5603434241849801,1.4278560471850252,-0.11188790610979515
1.769719130032633,3.5931072920679417,-0.6911631948259851,-1.6408834819723006,-4.026651620802715,0.5603434241849801,1.4278560471850252,-0.11188790610979515
1.7697191301907553,3.5931072920679417,-0.6911632048259851,-1.6408834719723007,-4.026651620802715,0.5603434241849801,1.4278560471850252,-0.11188790610979515
1.7697191331778752,3.5931072920679417,-0.6911632048259851,-1.6408834819723006,-4.026651610802715,0.5603434241849801,1.4278560471850252,-0.11188790610979515
1.7697191327732598,3.5931072920679417,-0.6911632048259851,-1.6408834819723006,-4.026651620802715,0.5603434341849801,1.4278560471850252,-0.11188790610979515
1.7697191347334469,3.5931072920679417,-0.6911632048259851,-1.6408834819723006,-4.026651620802715,0.5603434241849801,1.4278560571850252,-0.11188790610979515
1.7697190832869027,3.5931072920679417,-0.6911632048259851,-1.6408834819723006,-4.026651620802715,0.5603434241849801,1.4278560471850252,-0.11188789610979516
1.7456585688042796,3.5445608566659867,-0.6827743732578523,-1.6073187851103767,-3.969844233982562,0.5416044127783807,1.4145913827541532,-0.1075923701431386
1.7456585682440156,3.5445608666659867,-0.6827743732578523,-1.6073187851103767,-3.969844233982562,0.5416044127783807,1.4145913827541532,-0.1075923701431386
1.7456585724657214,3.5445608566659867,-0.6827743632578522,-1.6073187851103767,-3.969844233982562,0.5416044127783807,1.4145913827541532,-0.1075923701431386
1.7456585663390483,3.5445608566659867,-0.6827743732578523,-1.6073187751103768,-3.969844233982562,0.5416044127783807,1.4145913827541532,-0.1075923701431386
1.7456585691458737,3.5445608566659867,-0.6827743732578523,-1.6073187851103767,-3.969844223982562,0.5416044127783807,1.4145913827541532,-0.1075923701431386
1.745658567761465,3.5445608566659867,-0.6827743732578523,-1.6073187851103767,-3.969844233982562,0.5416044227783807,1.4145913827541532,-0.1075923701431386
1.7456585735843944,3.5445608566659867,-0.6827743732578523,-1.6073187851103767,-3.969844233982562,0.5416044127783807,1.4145913927541531,-0.1075923701431386
1.7456585495814056,3.5445608566659867,-0.6827743732578523,-1.6073187851103767,-3.969844233982562,0.5416044127783807,1.4145913827541532,-0.10759236014313861
2.1157253516626,2.953955147432801,-0.6888597168169001,-1.1822675260278612,-3.5215045380451926,0.33222595160637125,1.3036313095264007,-0.08799751072534162
2.1157253460762266,2.953955157432801,-0.6888597168169001,-1.1822675260278612,-3.5215045380451926,0.33222595160637125,1.3036313095264007,-0.08799751072534162
2.1157253937430216,2.953955147432801,-0.6888597068169,-1.1822675260278612,-3.5215045380451926,0.33222595160637125,1.3036313095264007,-0.08799751072534162
2.1157253583833744,2.953955147432801,-0.6888597168169001,-1.1822675160278613,-3.5215045380451926,0.33222595160637125,1.3036313095264007,-0.08799751072534162
2.1157253578600823,2.953955147432801,-0.6888597168169001,-1.1822675260278612,-3.5215045280451927,0.33222595160637125,1.3036313095264007,-0.08799751072534162
2.1157253505835083,2.953955147432801,-0.6888597168169001,-1.1822675260278612,-3.5215045380451926,0.33222596160637125,1.3036313095264007,-0.08799751072534162
2.1157253585765403,2.953955147432801,-0.6888597168169001,-1.1822675260278612,-3.5215045380451926,0.33222595160637125,1.3036313195264007,-0.08799751072534162
2.115725360110902,2.953955147432801,-0.6888597168169001,-1.1822675260278612,-3.5215045380451926,0.33222595160637125,1.3036313095264007,-0.08799750072534163
1.737448852979269,3.4732787259013262,-0.6835088332343519,-1.556017961298596,-3.9157326527140888,0.5163338428952273,1.401199249346323,-0.10522740260303806
1.7374488500574632,3.473278735901326,-0.6835088332343519,-1.556017961298596,-3.9157326527140888,0.5163338428952273,1.401199249346323,-0.10522740260303806
1.7374488622618265,3.4732787259013262,-0.6835088232343518,-1.556017961298596,-3.9157326527140888,0.5163338428952273,1.401199249346323,-0.10522740260303806
1.7374488512934765,3.4732787259013262,-0.6835088332343519,-1.556017951298596,-3.9157326527140888,0.5163338428952273,1.401199249346323,-0.10522740260303806
1.7374488540690238,3.4732787259013262,-0.6835088332343519,-1.556017961298596,-3.915732642714089,0.5163338428952273,1.401199249346323,-0.10522740260303806
1.7374488519279208,3.4732787259013262,-0.6835088332343519,-1.556017961298596,-3.9157326527140888,0.5163338528952274,1.401199249346323,-0.10522740260303806
1.7374488633533496,3.4732787259013262,-0.6835088332343519,-1.556017961298596,-3.9157326527140888,0.5163338428952273,1.401199259346323,-0.10522740260303806
1.737448836085714,3.4732787259013262,-0.6835088332343519,-1.556017961298596,-3.9157326527140888,0.5163338428952273,1.401199249346323,-0.10522739260303807
1.798621660393191,3.3772825284056767,-0.6536790035059727,-1.4562296701086375,-3.8497824881563965,0.47238813726998263,1.3015504768022979,-0.09924471759110264
1.798621659267102,3.3772825384056766,-0.6536790035059727,-1.4562296701086375,-3.8497824881563965,0.47238813726998263,1.3015504768022979,-0.09924471759110264
1.7986216667480597,3.3772825284056767,-0.6536789935059727,-1.4562296701086375,-3.8497824881563965,0.47238813726998263,1.3015504768022979,-0.09924471759110264
1.7986216594935613,3.3772825284056767,-0.6536790035059727,-1.4562296601086375,-3.8497824881563965,0.47238813726998263,1.3015504768022979,-0.09924471759110264
1.7986216607118974,3.3772825284056767,-0.6536790035059727,-1.4562296701086375,-3.8497824781563965,0.47238813726998263,1.3015504768022979,-0.09924471759110264
1.798621659048902,3.3772825284056767,-0.6536790035059727,-1.4562296701086375,-3.8497824881563965,0.47238814726998263,1.3015504768022979,-0.09924471759110264
1.798621652081922,3.3772825284056767,-0.6536790035059727,-1.4562296701086375,-3.8497824881563965,0.47238813726998263,1.3015504868022978,-0.09924471759110264
1.7986216799512493,3.3772825284056767,-0.6536790035059727,-1.4562296701086375,-3.8497824881563965,0.47238813726998263,1.3015504768022979,-0.09924470759110264
1.7297710207671175,3.455396253292994,-0.6779520390389033,-1.5374290855890391,-3.903447249312862,0.508147499085798,1.382636363607508,-0.10411292928387286
1.72977101968619,3.455396263292994,-0.6779520390389033,-1.5374290855890391,-3.903447249312862,0.508147499085798,1.382636363607508,-0.10411292928387286
1.7297710297816187,3.455396253292994,-0.6779520290389033,-1.5374290855890391,-3.903447249312862,0.508147499085798,1.382636363607508,-0.10411292928387286
1.7297710195569054,3.455396253292994,-0.6779520390389033,-1.5374290755890392,-3.903447249312862,0.508147499085798,1.382636363607508,-0.10411292928387286
1.7297710217977755,3.455396253292994,-0.6779520390389033,-1.5374290855890391,-3.903447239312862,0.508147499085798,1.382636363607508,-0.10411292928387286
1.7297710197207974,3.455396253292994,-0.6779520390389033,-1.5374290855890391,-3.903447249312862,0.5081475090857981,1.382636363607508,-0.10411292928387286
1.7297710257623495,3.455396253292994,-0.6779520390389033,-1.5374290855890391,-3.903447249312862,0.508147499085798,1.382636373607508,-0.10411292928387286
1.7297710037474383,3.455396253292994,-0.6779520390389033,-1.5374290855890391,-3.903447249312862,0.508147499085798,1.382636363607508,-0.10411291928387287
1.7703374951779236,3.4233200239857604,-0.6553896773556713,-1.4154657733242517,-4.22573357504728,0.46540760506681206,1.3766608856958222,-0.10143389101750933
1.7703374945631554,3.4233200339857603,-0.6553896773556713,-1.4154657733242517,-4.22573357504728,0.46540760506681206,1.3766608856958222,-0.10143389101750933
1.7703374895486168,3.4233200239857604,-0.6553896673556713,-1.4154657733242517,-4.22573357504728,0.46540760506681206,1.3766608856958222,-0.10143389101750933
1.7703374929014253,3.4233200239857604,-0.6553896773556713,-1.4154657633242518,-4.22573357504728,0.46540760506681206,1.3766608856958222,-0.10143389101750933
1.7703374919971195,3.4233200239857604,-0.6553896773556713,-1.4154657733242517,-4.22573356504728,0.46540760506681206,1.3766608856958222,-0.10143389101750933
1.770337493347497,3.4233200239857604,-0.6553896773556713,-1.4154657733242517,-4.22573357504728,0.46540761506681205,1.3766608856958222,-0.10143389101750933
1.7703374882342793,3.4233200239857604,-0.6553896773556713,-1.4154657733242517,-4.22573357504728,0.46540760506681206,1.3766608956958222,-0.10143389101750933
1.7703375919225948,3.4233200239857604,-0.6553896773556713,-1.4154657733242517,-4.22573357504728,0.46540760506681206,1.3766608856958222,-0.10143388101750933
1.7266047678412648,3.449365682581648,-0.6737101465071335,-1.5144990718471525,-3.964039485950944,0.5001120797536759,1.381512929124753,-0.10360925007803605
1.7266047668116773,3.449365692581648,-0.6737101465071335,-1.5144990718471525,-3.964039485950944,0.5001120797536759,1.381512929124753,-0.10360925007803605
1.7266047741355468,3.449365682581648,-0.6737101365071334,-1.5144990718471525,-3.964039485950944,0.5001120797536759,1.381512929124753,-0.10360925007803605
1.7266047664317452,3.449365682581648,-0.6737101465071335,-1.5144990618471526,-3.964039485950944,0.5001120797536759,1.381512929124753,-0.10360925007803605
1.7266047680825802,3.449365682581648,-0.6737101465071335,-1.5144990718471525,-3.964039475950944,0.5001120797536759,1.381512929124753,-0.10360925007803605
1.7266047666508115,3.449365682581648,-0.6737101465071335,-1.5144990718471525,-3.964039485950944,0.5001120897536759,1.381512929124753,-0.10360925007803605
1.7266047714732915,3.449365682581648,-0.6737101465071335,-1.5144990718471525,-3.964039485950944,0.5001120797536759,1.381512939124753,-0.10360925007803605
1.7266047624993868,3.449365682581648,-0.6737101465071335,-1.5144990718471525,-3.964039485950944,0.5001120797536759,1.381512929124753,-0.10360924007803606
